observation_date,BAA_AAA
1919-01-01,1.77000
1919-02-01,1.85000
1919-03-01,1.76000
1919-04-01,1.79000
1919-05-01,1.70000
1919-06-01,1.64000
1919-07-01,1.62000
1919-08-01,1.57000
1919-09-01,1.67000
1919-10-01,1.80000
1919-11-01,1.88000
1919-12-01,2.04000
1920-01-01,2.03000
1920-02-01,2.08000
1920-03-01,2.05000
1920-04-01,2.13000
1920-05-01,2.14000
1920-06-01,2.01000
1920-07-01,2.18000
1920-08-01,2.09000
1920-09-01,1.92000
1920-10-01,1.94000
1920-11-01,2.13000
1920-12-01,2.30000
1921-01-01,2.36000
1921-02-01,2.34000
1921-03-01,2.47000
1921-04-01,2.47000
1921-05-01,2.41000
1921-06-01,2.38000
1921-07-01,2.36000
1921-08-01,2.52000
1921-09-01,2.41000
1921-10-01,2.50000
1921-11-01,2.28000
1921-12-01,2.11000
1922-01-01,2.36000
1922-02-01,2.26000
1922-03-01,2.22000
1922-04-01,1.99000
1922-05-01,1.76000
1922-06-01,1.89000
1922-07-01,1.89000
1922-08-01,1.89000
1922-09-01,1.82000
1922-10-01,1.81000
1922-11-01,1.89000
1922-12-01,1.94000
1923-01-01,1.94000
1923-02-01,1.90000
1923-03-01,1.96000
1923-04-01,1.95000
1923-05-01,2.01000
1923-06-01,2.06000
1923-07-01,2.20000
1923-08-01,2.30000
1923-09-01,2.26000
1923-10-01,2.35000
1923-11-01,2.31000
1923-12-01,2.29000
1924-01-01,2.15000
1924-02-01,2.05000
1924-03-01,1.98000
1924-04-01,1.95000
1924-05-01,1.93000
1924-06-01,1.83000
1924-07-01,1.72000
1924-08-01,1.74000
1924-09-01,1.78000
1924-10-01,1.70000
1924-11-01,1.60000
1924-12-01,1.51000
1925-01-01,1.49000
1925-02-01,1.41000
1925-03-01,1.45000
1925-04-01,1.54000
1925-05-01,1.47000
1925-06-01,1.35000
1925-07-01,1.33000
1925-08-01,1.34000
1925-09-01,1.33000
1925-10-01,1.32000
1925-11-01,1.33000
1925-12-01,1.30000
1926-01-01,1.27000
1926-02-01,1.25000
1926-03-01,1.26000
1926-04-01,1.24000
1926-05-01,1.15000
1926-06-01,1.08000
1926-07-01,1.08000
1926-08-01,1.09000
1926-09-01,1.07000
1926-10-01,1.10000
1926-11-01,1.09000
1926-12-01,1.00000
1927-01-01,0.95000
1927-02-01,0.92000
1927-03-01,0.92000
1927-04-01,0.90000
1927-05-01,0.93000
1927-06-01,0.97000
1927-07-01,0.95000
1927-08-01,0.92000
1927-09-01,0.88000
1927-10-01,0.87000
1927-11-01,0.86000
1927-12-01,0.86000
1928-01-01,0.89000
1928-02-01,0.87000
1928-03-01,0.86000
1928-04-01,0.87000
1928-05-01,0.93000
1928-06-01,0.98000
1928-07-01,0.97000
1928-08-01,0.97000
1928-09-01,0.98000
1928-10-01,0.97000
1928-11-01,0.97000
1928-12-01,0.99000
1929-01-01,1.01000
1929-02-01,1.00000
1929-03-01,1.09000
1929-04-01,1.11000
1929-05-01,1.10000
1929-06-01,1.17000
1929-07-01,1.18000
1929-08-01,1.25000
1929-09-01,1.32000
1929-10-01,1.34000
1929-11-01,1.27000
1929-12-01,1.28000
1930-01-01,1.26000
1930-02-01,1.20000
1930-03-01,1.11000
1930-04-01,1.10000
1930-05-01,1.12000
1930-06-01,1.21000
1930-07-01,1.25000
1930-08-01,1.26000
1930-09-01,1.23000
1930-10-01,1.52000
1930-11-01,1.78000
1930-12-01,2.19000
1931-01-01,1.99000
1931-02-01,1.95000
1931-03-01,2.05000
1931-04-01,2.32000
1931-05-01,2.78000
1931-06-01,3.00000
1931-07-01,2.72000
1931-08-01,3.07000
1931-09-01,3.52000
1931-10-01,4.05000
1931-11-01,3.99000
1931-12-01,5.10000
1932-01-01,3.93000
1932-02-01,3.64000
1932-03-01,3.85000
1932-04-01,5.29000
1932-05-01,5.64000
1932-06-01,5.59000
1932-07-01,5.53000
1932-08-01,3.31000
1932-09-01,2.91000
1932-10-01,3.23000
1932-11-01,3.61000
1932-12-01,3.83000
1933-01-01,3.57000
1933-02-01,3.89000
1933-03-01,4.23000
1933-04-01,4.34000
1933-05-01,3.11000
1933-06-01,2.61000
1933-07-01,2.26000
1933-08-01,2.47000
1933-09-01,2.91000
1933-10-01,3.15000
1933-11-01,3.44000
1933-12-01,3.25000
1934-01-01,2.66000
1934-02-01,2.07000
1934-03-01,2.13000
1934-04-01,1.94000
1934-05-01,2.04000
1934-06-01,2.13000
1934-07-01,2.24000
1934-08-01,2.56000
1934-09-01,2.61000
1934-10-01,2.50000
1934-11-01,2.51000
1934-12-01,2.42000
1935-01-01,2.21000
1935-02-01,2.26000
1935-03-01,2.53000
1935-04-01,2.47000
1935-05-01,2.29000
1935-06-01,2.16000
1935-07-01,2.11000
1935-08-01,1.98000
1935-09-01,1.94000
1935-10-01,2.02000
1935-11-01,1.96000
1935-12-01,1.86000
1936-01-01,1.63000
1936-02-01,1.48000
1936-03-01,1.57000
1936-04-01,1.62000
1936-05-01,1.67000
1936-06-01,1.66000
1936-07-01,1.61000
1936-08-01,1.53000
1936-09-01,1.44000
1936-10-01,1.36000
1936-11-01,1.37000
1936-12-01,1.43000
1937-01-01,1.39000
1937-02-01,1.31000
1937-03-01,1.36000
1937-04-01,1.42000
1937-05-01,1.51000
1937-06-01,1.65000
1937-07-01,1.66000
1937-08-01,1.68000
1937-09-01,1.88000
1937-10-01,2.25000
1937-11-01,2.58000
1937-12-01,2.52000
1938-01-01,2.72000
1938-02-01,2.77000
1938-03-01,3.08000
1938-04-01,3.17000
1938-05-01,2.84000
1938-06-01,2.99000
1938-07-01,2.41000
1938-08-01,2.31000
1938-09-01,2.44000
1938-10-01,2.21000
1938-11-01,2.13000
1938-12-01,2.19000
1939-01-01,2.11000
1939-02-01,2.05000
1939-03-01,1.90000
1939-04-01,2.13000
1939-05-01,2.10000
1939-06-01,1.99000
1939-07-01,1.95000
1939-08-01,1.92000
1939-09-01,1.75000
1939-10-01,1.73000
1939-11-01,1.85000
1939-12-01,1.98000
1940-01-01,1.98000
1940-02-01,1.97000
1940-03-01,1.96000
1940-04-01,1.92000
1940-05-01,2.01000
1940-06-01,2.15000
1940-07-01,1.92000
1940-08-01,1.91000
1940-09-01,1.84000
1940-10-01,1.77000
1940-11-01,1.73000
1940-12-01,1.74000
1941-01-01,1.63000
1941-02-01,1.64000
1941-03-01,1.58000
1941-04-01,1.51000
1941-05-01,1.51000
1941-06-01,1.54000
1941-07-01,1.54000
1941-08-01,1.53000
1941-09-01,1.55000
1941-10-01,1.55000
1941-11-01,1.56000
1941-12-01,1.58000
1942-01-01,1.46000
1942-02-01,1.44000
1942-03-01,1.44000
1942-04-01,1.43000
1942-05-01,1.42000
1942-06-01,1.48000
1942-07-01,1.47000
1942-08-01,1.47000
1942-09-01,1.46000
1942-10-01,1.44000
1942-11-01,1.46000
1942-12-01,1.47000
1943-01-01,1.37000
1943-02-01,1.31000
1943-03-01,1.25000
1943-04-01,1.20000
1943-05-01,1.17000
1943-06-01,1.16000
1943-07-01,1.12000
1943-08-01,1.12000
1943-09-01,1.14000
1943-10-01,1.12000
1943-11-01,1.12000
1943-12-01,1.08000
1944-01-01,1.04000
1944-02-01,0.98000
1944-03-01,0.96000
1944-04-01,0.94000
1944-05-01,0.90000
1944-06-01,0.86000
1944-07-01,0.85000
1944-08-01,0.84000
1944-09-01,0.84000
1944-10-01,0.83000
1944-11-01,0.81000
1944-12-01,0.79000
1945-01-01,0.77000
1945-02-01,0.76000
1945-03-01,0.76000
1945-04-01,0.75000
1945-05-01,0.70000
1945-06-01,0.68000
1945-07-01,0.66000
1945-08-01,0.65000
1945-09-01,0.62000
1945-10-01,0.58000
1945-11-01,0.53000
1945-12-01,0.49000
1946-01-01,0.47000
1946-02-01,0.47000
1946-03-01,0.47000
1946-04-01,0.50000
1946-05-01,0.51000
1946-06-01,0.54000
1946-07-01,0.55000
1946-08-01,0.52000
1946-09-01,0.52000
1946-10-01,0.55000
1946-11-01,0.58000
1946-12-01,0.56000
1947-01-01,0.56000
1947-02-01,0.57000
1947-03-01,0.60000
1947-04-01,0.63000
1947-05-01,0.64000
1947-06-01,0.66000
1947-07-01,0.63000
1947-08-01,0.61000
1947-09-01,0.62000
1947-10-01,0.65000
1947-11-01,0.67000
1947-12-01,0.66000
1948-01-01,0.66000
1948-02-01,0.68000
1948-03-01,0.70000
1948-04-01,0.69000
1948-05-01,0.62000
1948-06-01,0.58000
1948-07-01,0.56000
1948-08-01,0.60000
1948-09-01,0.61000
1948-10-01,0.66000
1948-11-01,0.69000
1948-12-01,0.74000
1949-01-01,0.75000
1949-02-01,0.74000
1949-03-01,0.77000
1949-04-01,0.75000
1949-05-01,0.74000
1949-06-01,0.76000
1949-07-01,0.79000
1949-08-01,0.78000
1949-09-01,0.77000
1949-10-01,0.75000
1949-11-01,0.75000
1949-12-01,0.73000
1950-01-01,0.67000
1950-02-01,0.66000
1950-03-01,0.66000
1950-04-01,0.63000
1950-05-01,0.64000
1950-06-01,0.66000
1950-07-01,0.67000
1950-08-01,0.62000
1950-09-01,0.57000
1950-10-01,0.55000
1950-11-01,0.55000
1950-12-01,0.53000
1951-01-01,0.51000
1951-02-01,0.50000
1951-03-01,0.45000
1951-04-01,0.48000
1951-05-01,0.51000
1951-06-01,0.55000
1951-07-01,0.59000
1951-08-01,0.62000
1951-09-01,0.62000
1951-10-01,0.61000
1951-11-01,0.60000
1951-12-01,0.60000
1952-01-01,0.61000
1952-02-01,0.60000
1952-03-01,0.55000
1952-04-01,0.57000
1952-05-01,0.56000
1952-06-01,0.56000
1952-07-01,0.55000
1952-08-01,0.57000
1952-09-01,0.57000
1952-10-01,0.53000
1952-11-01,0.55000
1952-12-01,0.54000
1953-01-01,0.49000
1953-02-01,0.46000
1953-03-01,0.45000
1953-04-01,0.42000
1953-05-01,0.44000
1953-06-01,0.46000
1953-07-01,0.58000
1953-08-01,0.61000
1953-09-01,0.59000
1953-10-01,0.66000
1953-11-01,0.64000
1953-12-01,0.61000
1954-01-01,0.65000
1954-02-01,0.66000
1954-03-01,0.65000
1954-04-01,0.62000
1954-05-01,0.59000
1954-06-01,0.59000
1954-07-01,0.61000
1954-08-01,0.62000
1954-09-01,0.58000
1954-10-01,0.59000
1954-11-01,0.56000
1954-12-01,0.55000
1955-01-01,0.52000
1955-02-01,0.54000
1955-03-01,0.46000
1955-04-01,0.48000
1955-05-01,0.46000
1955-06-01,0.46000
1955-07-01,0.46000
1955-08-01,0.45000
1955-09-01,0.46000
1955-10-01,0.49000
1955-11-01,0.48000
1955-12-01,0.47000
1956-01-01,0.49000
1956-02-01,0.50000
1956-03-01,0.50000
1956-04-01,0.44000
1956-05-01,0.45000
1956-06-01,0.50000
1956-07-01,0.52000
1956-08-01,0.50000
1956-09-01,0.51000
1956-10-01,0.58000
1956-11-01,0.55000
1956-12-01,0.62000
1957-01-01,0.72000
1957-02-01,0.80000
1957-03-01,0.77000
1957-04-01,0.77000
1957-05-01,0.78000
1957-06-01,0.72000
1957-07-01,0.74000
1957-08-01,0.72000
1957-09-01,0.81000
1957-10-01,0.89000
1957-11-01,1.01000
1957-12-01,1.22000
1958-01-01,1.23000
1958-02-01,1.07000
1958-03-01,1.05000
1958-04-01,1.07000
1958-05-01,1.05000
1958-06-01,0.98000
1958-07-01,0.86000
1958-08-01,0.82000
1958-09-01,0.78000
1958-10-01,0.81000
1958-11-01,0.78000
1958-12-01,0.77000
1959-01-01,0.75000
1959-02-01,0.75000
1959-03-01,0.72000
1959-04-01,0.63000
1959-05-01,0.59000
1959-06-01,0.58000
1959-07-01,0.61000
1959-08-01,0.66000
1959-09-01,0.66000
1959-10-01,0.71000
1959-11-01,0.70000
1959-12-01,0.70000
1960-01-01,0.73000
1960-02-01,0.78000
1960-03-01,0.76000
1960-04-01,0.75000
1960-05-01,0.82000
1960-06-01,0.81000
1960-07-01,0.81000
1960-08-01,0.80000
1960-09-01,0.76000
1960-10-01,0.81000
1960-11-01,0.77000
1960-12-01,0.75000
1961-01-01,0.78000
1961-02-01,0.80000
1961-03-01,0.80000
1961-04-01,0.76000
1961-05-01,0.74000
1961-06-01,0.70000
1961-07-01,0.68000
1961-08-01,0.66000
1961-09-01,0.67000
1961-10-01,0.71000
1961-11-01,0.72000
1961-12-01,0.68000
1962-01-01,0.66000
1962-02-01,0.65000
1962-03-01,0.65000
1962-04-01,0.69000
1962-05-01,0.72000
1962-06-01,0.74000
1962-07-01,0.71000
1962-08-01,0.71000
1962-09-01,0.71000
1962-10-01,0.71000
1962-11-01,0.71000
1962-12-01,0.68000
1963-01-01,0.70000
1963-02-01,0.70000
1963-03-01,0.69000
1963-04-01,0.66000
1963-05-01,0.63000
1963-06-01,0.61000
1963-07-01,0.58000
1963-08-01,0.54000
1963-09-01,0.53000
1963-10-01,0.51000
1963-11-01,0.51000
1963-12-01,0.50000
1964-01-01,0.44000
1964-02-01,0.47000
1964-03-01,0.45000
1964-04-01,0.45000
1964-05-01,0.44000
1964-06-01,0.44000
1964-07-01,0.43000
1964-08-01,0.41000
1964-09-01,0.40000
1964-10-01,0.39000
1964-11-01,0.38000
1964-12-01,0.37000
1965-01-01,0.37000
1965-02-01,0.37000
1965-03-01,0.36000
1965-04-01,0.37000
1965-05-01,0.37000
1965-06-01,0.39000
1965-07-01,0.40000
1965-08-01,0.39000
1965-09-01,0.39000
1965-10-01,0.37000
1965-11-01,0.35000
1965-12-01,0.34000
1966-01-01,0.32000
1966-02-01,0.34000
1966-03-01,0.40000
1966-04-01,0.45000
1966-05-01,0.50000
1966-06-01,0.51000
1966-07-01,0.52000
1966-08-01,0.52000
1966-09-01,0.60000
1966-10-01,0.69000
1966-11-01,0.78000
1966-12-01,0.79000
1967-01-01,0.77000
1967-02-01,0.79000
1967-03-01,0.72000
1967-04-01,0.72000
1967-05-01,0.72000
1967-06-01,0.71000
1967-07-01,0.68000
1967-08-01,0.71000
1967-09-01,0.75000
1967-10-01,0.70000
1967-11-01,0.65000
1967-12-01,0.74000
1968-01-01,0.67000
1968-02-01,0.70000
1968-03-01,0.74000
1968-04-01,0.76000
1968-05-01,0.76000
1968-06-01,0.79000
1968-07-01,0.74000
1968-08-01,0.80000
1968-09-01,0.82000
1968-10-01,0.75000
1968-11-01,0.82000
1968-12-01,0.78000
1969-01-01,0.73000
1969-02-01,0.64000
1969-03-01,0.66000
1969-04-01,0.65000
1969-05-01,0.73000
1969-06-01,0.72000
1969-07-01,0.76000
1969-08-01,0.89000
1969-09-01,0.91000
1969-10-01,0.89000
1969-11-01,0.90000
1969-12-01,0.93000
1970-01-01,0.95000
1970-02-01,0.85000
1970-03-01,0.79000
1970-04-01,0.87000
1970-05-01,0.87000
1970-06-01,0.77000
1970-07-01,0.96000
1970-08-01,1.31000
1970-09-01,1.30000
1970-10-01,1.30000
1970-11-01,1.33000
1970-12-01,1.48000
1971-01-01,1.38000
1971-02-01,1.31000
1971-03-01,1.25000
1971-04-01,1.20000
1971-05-01,1.09000
1971-06-01,1.11000
1971-07-01,1.12000
1971-08-01,1.17000
1971-09-01,1.15000
1971-10-01,1.09000
1971-11-01,1.12000
1971-12-01,1.13000
1972-01-01,1.04000
1972-02-01,0.96000
1972-03-01,1.00000
1972-04-01,0.94000
1972-05-01,0.93000
1972-06-01,0.97000
1972-07-01,1.02000
1972-08-01,1.00000
1972-09-01,0.87000
1972-10-01,0.85000
1972-11-01,0.87000
1972-12-01,0.85000
1973-01-01,0.75000
1973-02-01,0.75000
1973-03-01,0.74000
1973-04-01,0.83000
1973-05-01,0.77000
1973-06-01,0.76000
1973-07-01,0.79000
1973-08-01,0.85000
1973-09-01,1.00000
1973-10-01,0.81000
1973-11-01,0.75000
1973-12-01,0.80000
1974-01-01,0.65000
1974-02-01,0.68000
1974-03-01,0.61000
1974-04-01,0.62000
1974-05-01,0.68000
1974-06-01,0.80000
1974-07-01,0.76000
1974-08-01,0.77000
1974-09-01,0.94000
1974-10-01,1.21000
1974-11-01,1.71000
1974-12-01,1.74000
1975-01-01,1.98000
1975-02-01,2.03000
1975-03-01,1.81000
1975-04-01,1.63000
1975-05-01,1.79000
1975-06-01,1.85000
1975-07-01,1.71000
1975-08-01,1.64000
1975-09-01,1.66000
1975-10-01,1.76000
1975-11-01,1.78000
1975-12-01,1.77000
1976-01-01,1.81000
1976-02-01,1.69000
1976-03-01,1.60000
1976-04-01,1.54000
1976-05-01,1.28000
1976-06-01,1.27000
1976-07-01,1.26000
1976-08-01,1.19000
1976-09-01,1.02000
1976-10-01,0.97000
1976-11-01,0.98000
1976-12-01,1.14000
1977-01-01,1.12000
1977-02-01,1.08000
1977-03-01,1.02000
1977-04-01,1.03000
1977-05-01,0.96000
1977-06-01,0.96000
1977-07-01,0.93000
1977-08-01,0.84000
1977-09-01,0.88000
1977-10-01,0.85000
1977-11-01,0.87000
1977-12-01,0.80000
1978-01-01,0.76000
1978-02-01,0.73000
1978-03-01,0.75000
1978-04-01,0.76000
1978-05-01,0.80000
1978-06-01,0.84000
1978-07-01,0.72000
1978-08-01,0.79000
1978-09-01,0.73000
1978-10-01,0.70000
1978-11-01,0.80000
1978-12-01,0.78000
1979-01-01,0.88000
1979-02-01,0.82000
1979-03-01,0.89000
1979-04-01,0.95000
1979-05-01,0.97000
1979-06-01,1.09000
1979-07-01,1.09000
1979-08-01,1.12000
1979-09-01,1.10000
1979-10-01,1.27000
1979-11-01,1.23000
1979-12-01,1.32000
1980-01-01,1.33000
1980-02-01,1.19000
1980-03-01,1.49000
1980-04-01,2.15000
1980-05-01,2.18000
1980-06-01,2.13000
1980-07-01,1.58000
1980-08-01,1.51000
1980-09-01,1.68000
1980-10-01,1.92000
1980-11-01,1.67000
1980-12-01,1.93000
1981-01-01,2.22000
1981-02-01,2.02000
1981-03-01,2.01000
1981-04-01,1.68000
1981-05-01,1.63000
1981-06-01,2.05000
1981-07-01,1.79000
1981-08-01,1.45000
1981-09-01,1.43000
1981-10-01,1.71000
1981-11-01,2.17000
1981-12-01,2.32000
1982-01-01,1.92000
1982-02-01,1.91000
1982-03-01,2.24000
1982-04-01,2.32000
1982-05-01,2.38000
1982-06-01,2.11000
1982-07-01,2.19000
1982-08-01,2.61000
1982-09-01,2.69000
1982-10-01,2.61000
1982-11-01,2.62000
1982-12-01,2.31000
1983-01-01,2.15000
1983-02-01,1.94000
1983-03-01,1.88000
1983-04-01,1.78000
1983-05-01,1.63000
1983-06-01,1.63000
1983-07-01,1.24000
1983-08-01,1.13000
1983-09-01,1.18000
1983-10-01,1.21000
1983-11-01,1.20000
1983-12-01,1.18000
1984-01-01,1.45000
1984-02-01,1.51000
1984-03-01,1.42000
1984-04-01,1.50000
1984-05-01,1.46000
1984-06-01,1.50000
1984-07-01,1.71000
1984-08-01,1.76000
1984-09-01,1.69000
1984-10-01,1.31000
1984-11-01,1.19000
1984-12-01,1.27000
1985-01-01,1.18000
1985-02-01,1.10000
1985-03-01,1.13000
1985-04-01,1.28000
1985-05-01,1.43000
1985-06-01,1.46000
1985-07-01,1.46000
1985-08-01,1.45000
1985-09-01,1.41000
1985-10-01,1.34000
1985-11-01,1.44000
1985-12-01,1.42000
1986-01-01,1.39000
1986-02-01,1.44000
1986-03-01,1.50000
1986-04-01,1.40000
1986-05-01,1.20000
1986-06-01,1.21000
1986-07-01,1.28000
1986-08-01,1.46000
1986-09-01,1.31000
1986-10-01,1.38000
1986-11-01,1.39000
1986-12-01,1.48000
1987-01-01,1.36000
1987-02-01,1.27000
1987-03-01,1.25000
1987-04-01,1.19000
1987-05-01,1.18000
1987-06-01,1.20000
1987-07-01,1.19000
1987-08-01,1.13000
1987-09-01,1.13000
1987-10-01,1.10000
1987-11-01,1.22000
1987-12-01,1.18000
1988-01-01,1.19000
1988-02-01,1.22000
1988-03-01,1.18000
1988-04-01,1.23000
1988-05-01,1.14000
1988-06-01,1.14000
1988-07-01,1.15000
1988-08-01,1.10000
1988-09-01,1.08000
1988-10-01,0.90000
1988-11-01,1.03000
1988-12-01,1.08000
1989-01-01,1.03000
1989-02-01,0.97000
1989-03-01,0.87000
1989-04-01,0.82000
1989-05-01,0.89000
1989-06-01,0.93000
1989-07-01,0.94000
1989-08-01,0.92000
1989-09-01,0.90000
1989-10-01,0.89000
1989-11-01,0.92000
1989-12-01,0.96000
1990-01-01,0.95000
1990-02-01,0.92000
1990-03-01,0.84000
1990-04-01,0.84000
1990-05-01,0.94000
1990-06-01,0.96000
1990-07-01,0.96000
1990-08-01,1.00000
1990-09-01,1.08000
1990-10-01,1.21000
1990-11-01,1.32000
1990-12-01,1.38000
1991-01-01,1.41000
1991-02-01,1.24000
1991-03-01,1.16000
1991-04-01,1.08000
1991-05-01,1.00000
1991-06-01,0.95000
1991-07-01,0.89000
1991-08-01,0.90000
1991-09-01,0.90000
1991-10-01,0.94000
1991-11-01,0.97000
1991-12-01,0.95000
1992-01-01,0.93000
1992-02-01,0.94000
1992-03-01,0.90000
1992-04-01,0.88000
1992-05-01,0.85000
1992-06-01,0.83000
1992-07-01,0.77000
1992-08-01,0.70000
1992-09-01,0.70000
1992-10-01,0.85000
1992-11-01,0.86000
1992-12-01,0.83000
1993-01-01,0.76000
1993-02-01,0.68000
1993-03-01,0.57000
1993-04-01,0.68000
1993-05-01,0.78000
1993-06-01,0.74000
1993-07-01,0.76000
1993-08-01,0.75000
1993-09-01,0.68000
1993-10-01,0.64000
1993-11-01,0.73000
1993-12-01,0.76000
1994-01-01,0.73000
1994-02-01,0.68000
1994-03-01,0.65000
1994-04-01,0.64000
1994-05-01,0.63000
1994-06-01,0.68000
1994-07-01,0.69000
1994-08-01,0.67000
1994-09-01,0.64000
1994-10-01,0.63000
1994-11-01,0.64000
1994-12-01,0.64000
1995-01-01,0.62000
1995-02-01,0.59000
1995-03-01,0.58000
1995-04-01,0.57000
1995-05-01,0.55000
1995-06-01,0.60000
1995-07-01,0.63000
1995-08-01,0.62000
1995-09-01,0.61000
1995-10-01,0.63000
1995-11-01,0.66000
1995-12-01,0.67000
1996-01-01,0.66000
1996-02-01,0.64000
1996-03-01,0.68000
1996-04-01,0.69000
1996-05-01,0.68000
1996-06-01,0.69000
1996-07-01,0.70000
1996-08-01,0.72000
1996-09-01,0.69000
1996-10-01,0.68000
1996-11-01,0.69000
1996-12-01,0.69000
1997-01-01,0.67000
1997-02-01,0.63000
1997-03-01,0.63000
1997-04-01,0.61000
1997-05-01,0.62000
1997-06-01,0.61000
1997-07-01,0.61000
1997-08-01,0.60000
1997-09-01,0.55000
1997-10-01,0.57000
1997-11-01,0.55000
1997-12-01,0.56000
1998-01-01,0.58000
1998-02-01,0.58000
1998-03-01,0.60000
1998-04-01,0.64000
1998-05-01,0.61000
1998-06-01,0.60000
1998-07-01,0.60000
1998-08-01,0.62000
1998-09-01,0.69000
1998-10-01,0.81000
1998-11-01,0.93000
1998-12-01,1.01000
1999-01-01,1.05000
1999-02-01,0.99000
1999-03-01,0.91000
1999-04-01,0.84000
1999-05-01,0.79000
1999-06-01,0.79000
1999-07-01,0.76000
1999-08-01,0.75000
1999-09-01,0.81000
1999-10-01,0.83000
1999-11-01,0.79000
1999-12-01,0.64000
2000-01-01,0.55000
2000-02-01,0.61000
2000-03-01,0.69000
2000-04-01,0.76000
2000-05-01,0.91000
2000-06-01,0.81000
2000-07-01,0.70000
2000-08-01,0.71000
2000-09-01,0.73000
2000-10-01,0.79000
2000-11-01,0.83000
2000-12-01,0.81000
2001-01-01,0.78000
2001-02-01,0.77000
2001-03-01,0.86000
2001-04-01,0.87000
2001-05-01,0.78000
2001-06-01,0.79000
2001-07-01,0.84000
2001-08-01,0.83000
2001-09-01,0.86000
2001-10-01,0.88000
2001-11-01,0.84000
2001-12-01,1.28000
2002-01-01,1.32000
2002-02-01,1.38000
2002-03-01,1.30000
2002-04-01,1.27000
2002-05-01,1.34000
2002-06-01,1.32000
2002-07-01,1.37000
2002-08-01,1.21000
2002-09-01,1.25000
2002-10-01,1.41000
2002-11-01,1.31000
2002-12-01,1.24000
2003-01-01,1.18000
2003-02-01,1.11000
2003-03-01,1.06000
2003-04-01,1.11000
2003-05-01,1.16000
2003-06-01,1.22000
2003-07-01,1.13000
2003-08-01,1.13000
2003-09-01,1.07000
2003-10-01,1.03000
2003-11-01,1.01000
2003-12-01,0.98000
2004-01-01,0.90000
2004-02-01,0.77000
2004-03-01,0.78000
2004-04-01,0.73000
2004-05-01,0.71000
2004-06-01,0.77000
2004-07-01,0.80000
2004-08-01,0.81000
2004-09-01,0.81000
2004-10-01,0.74000
2004-11-01,0.68000
2004-12-01,0.68000
2005-01-01,0.66000
2005-02-01,0.62000
2005-03-01,0.66000
2005-04-01,0.72000
2005-05-01,0.86000
2005-06-01,0.90000
2005-07-01,0.89000
2005-08-01,0.87000
2005-09-01,0.90000
2005-10-01,0.95000
2005-11-01,0.97000
2005-12-01,0.95000
2006-01-01,0.95000
2006-02-01,0.92000
2006-03-01,0.88000
2006-04-01,0.84000
2006-05-01,0.80000
2006-06-01,0.89000
2006-07-01,0.91000
2006-08-01,0.91000
2006-09-01,0.92000
2006-10-01,0.91000
2006-11-01,0.87000
2006-12-01,0.90000
2007-01-01,0.94000
2007-02-01,0.89000
2007-03-01,0.97000
2007-04-01,0.92000
2007-05-01,0.92000
2007-06-01,0.91000
2007-07-01,0.92000
2007-08-01,0.86000
2007-09-01,0.85000
2007-10-01,0.82000
2007-11-01,0.96000
2007-12-01,1.16000
2008-01-01,1.21000
2008-02-01,1.29000
2008-03-01,1.38000
2008-04-01,1.42000
2008-05-01,1.36000
2008-06-01,1.39000
2008-07-01,1.49000
2008-08-01,1.51000
2008-09-01,1.66000
2008-10-01,2.60000
2008-11-01,3.09000
2008-12-01,3.38000
2009-01-01,3.09000
2009-02-01,2.81000
2009-03-01,2.92000
2009-04-01,3.00000
2009-05-01,2.52000
2009-06-01,1.89000
2009-07-01,1.68000
2009-08-01,1.32000
2009-09-01,1.18000
2009-10-01,1.14000
2009-11-01,1.13000
2009-12-01,1.11000
2010-01-01,0.99000
2010-02-01,0.99000
2010-03-01,1.00000
2010-04-01,0.96000
2010-05-01,1.09000
2010-06-01,1.35000
2010-07-01,1.29000
2010-08-01,1.17000
2010-09-01,1.13000
2010-10-01,1.04000
2010-11-01,1.05000
2010-12-01,1.08000
2011-01-01,1.05000
2011-02-01,0.93000
2011-03-01,0.90000
2011-04-01,0.86000
2011-05-01,0.82000
2011-06-01,0.76000
2011-07-01,0.83000
2011-08-01,0.99000
2011-09-01,1.18000
2011-10-01,1.39000
2011-11-01,1.27000
2011-12-01,1.32000
2012-01-01,1.38000
2012-02-01,1.29000
2012-03-01,1.24000
2012-04-01,1.23000
2012-05-01,1.27000
2012-06-01,1.38000
2012-07-01,1.47000
2012-08-01,1.43000
2012-09-01,1.35000
2012-10-01,1.11000
2012-11-01,1.01000
2012-12-01,0.98000
2013-01-01,0.93000
2013-02-01,0.95000
2013-03-01,0.92000
2013-04-01,0.86000
2013-05-01,0.84000
2013-06-01,0.92000
2013-07-01,0.98000
2013-08-01,0.88000
2013-09-01,0.83000
2013-10-01,0.78000
2013-11-01,0.75000
2013-12-01,0.76000
2014-01-01,0.70000
2014-02-01,0.65000
2014-03-01,0.68000
2014-04-01,0.66000
2014-05-01,0.60000
2014-06-01,0.55000
2014-07-01,0.57000
2014-08-01,0.61000
2014-09-01,0.69000
2014-10-01,0.77000
2014-11-01,0.87000
2014-12-01,0.95000
2015-01-01,0.99000
2015-02-01,0.90000
2015-03-01,0.90000
2015-04-01,0.96000
2015-05-01,0.91000
2015-06-01,0.94000
2015-07-01,1.05000
2015-08-01,1.15000
2015-09-01,1.27000
2015-10-01,1.39000
2015-11-01,1.40000
2015-12-01,1.49000
2016-01-01,1.45000
2016-02-01,1.38000
2016-03-01,1.31000
2016-04-01,1.17000
2016-05-01,1.03000
2016-06-01,1.03000
2016-07-01,0.94000
2016-08-01,0.92000
2016-09-01,0.90000
2016-10-01,0.87000
2016-11-01,0.85000
2016-12-01,0.77000
2017-01-01,0.74000
2017-02-01,0.69000
2017-03-01,0.67000
2017-04-01,0.70000
2017-05-01,0.70000
2017-06-01,0.69000
2017-07-01,0.69000
2017-08-01,0.68000
2017-09-01,0.67000
2017-10-01,0.72000
2017-11-01,0.70000
2017-12-01,0.71000
2018-01-01,0.71000
2018-02-01,0.69000
2018-03-01,0.77000
2018-04-01,0.82000
2018-05-01,0.83000
2018-06-01,0.87000
2018-07-01,0.92000
2018-08-01,0.89000
2018-09-01,0.90000
2018-10-01,0.93000
2018-11-01,1.00000
2018-12-01,1.11000
2019-01-01,1.19000
2019-02-01,1.16000
2019-03-01,1.07000
2019-04-01,1.01000
2019-05-01,0.96000
2019-06-01,1.04000
2019-07-01,0.99000
2019-08-01,0.89000
2019-09-01,0.88000
2019-10-01,0.91000
2019-11-01,0.88000
2019-12-01,0.87000
2020-01-01,0.83000
2020-02-01,0.83000
2020-03-01,1.27000
2020-04-01,1.70000
2020-05-01,1.45000
2020-06-01,1.20000
2020-07-01,1.17000
2020-08-01,1.02000
2020-09-01,1.05000
2020-10-01,1.09000
2020-11-01,1.00000
2020-12-01,0.90000
2021-01-01,0.79000
2021-02-01,0.72000
2021-03-01,0.70000
2021-04-01,0.70000
2021-05-01,0.66000
2021-06-01,0.65000
2021-07-01,0.67000
2021-08-01,0.69000
2021-09-01,0.70000
2021-10-01,0.67000
2021-11-01,0.66000
2021-12-01,0.65000
2022-01-01,0.65000
2022-02-01,0.72000
2022-03-01,0.86000
2022-04-01,0.90000
2022-05-01,0.99000
2022-06-01,1.03000
2022-07-01,1.15000
2022-08-01,1.08000
2022-09-01,1.10000
2022-10-01,1.16000
2022-11-01,1.17000
2022-12-01,1.16000
2023-01-01,1.10000
2023-02-01,1.03000
2023-03-01,1.11000
2023-04-01,1.06000
2023-05-01,1.10000
2023-06-01,1.10000
2023-07-01,1.08000
2023-08-01,1.07000
2023-09-01,1.03000
2023-10-01,1.02000
2023-11-01,1.01000
2023-12-01,0.90000
2024-01-01,0.81000
2024-02-01,0.74000
2024-03-01,0.74000
2024-04-01,0.72000
2024-05-01,0.70000
2024-06-01,0.69000
2024-07-01,0.72000
2024-08-01,0.73000
2024-09-01,0.74000
2024-10-01,0.68000
2024-11-01,0.64000
2024-12-01,0.60000
2025-01-01,0.62000
2025-02-01,0.60000
2025-03-01,0.64000
2025-04-01,0.73000
2025-05-01,0.75000
2025-06-01,0.69000
2025-07-01,0.65000
2025-08-01,0.65000
2025-09-01,0.62000
2025-10-01,0.61000
2025-11-01,0.60000
2025-12-01,0.59000
2026-01-01,0.54000
2026-02-01,0.51000
2026-03-01,0.56000
