observation_date,BAMLH0A0HYM2
2016-03-30,7.03
2016-03-31,7.05
2016-04-01,7.05
2016-04-04,7.03
2016-04-05,7.13
2016-04-06,7.04
2016-04-07,7.11
2016-04-08,7.03
2016-04-11,7.00
2016-04-12,6.87
2016-04-13,6.71
2016-04-14,6.60
2016-04-15,6.62
2016-04-18,6.62
2016-04-19,6.46
2016-04-20,6.31
2016-04-21,6.29
2016-04-22,6.29
2016-04-25,6.32
2016-04-26,6.26
2016-04-27,6.25
2016-04-28,6.19
2016-04-29,6.24
2016-04-30,6.21
2016-05-02,6.16
2016-05-03,6.31
2016-05-04,6.39
2016-05-05,6.42
2016-05-06,6.48
2016-05-09,6.53
2016-05-10,6.46
2016-05-11,6.40
2016-05-12,6.36
2016-05-13,6.41
2016-05-16,6.30
2016-05-17,6.26
2016-05-18,6.16
2016-05-19,6.29
2016-05-20,6.22
2016-05-23,6.21
2016-05-24,6.13
2016-05-25,6.04
2016-05-26,6.08
2016-05-27,6.08
2016-05-30,6.08
2016-05-31,5.97
2016-06-01,6.01
2016-06-02,6.00
2016-06-03,6.09
2016-06-06,6.00
2016-06-07,5.92
2016-06-08,5.82
2016-06-09,5.86
2016-06-10,5.98
2016-06-13,6.07
2016-06-14,6.19
2016-06-15,6.18
2016-06-16,6.32
2016-06-17,6.21
2016-06-20,6.00
2016-06-21,6.00
2016-06-22,5.96
2016-06-23,5.83
2016-06-24,6.33
2016-06-27,6.57
2016-06-28,6.48
2016-06-29,6.26
2016-06-30,6.21
2016-07-01,6.12
2016-07-04,6.12
2016-07-05,6.16
2016-07-06,6.14
2016-07-07,6.02
2016-07-08,5.88
2016-07-11,5.66
2016-07-12,5.46
2016-07-13,5.58
2016-07-14,5.44
2016-07-15,5.42
2016-07-18,5.44
2016-07-19,5.45
2016-07-20,5.40
2016-07-21,5.41
2016-07-22,5.39
2016-07-25,5.39
2016-07-26,5.45
2016-07-27,5.51
2016-07-28,5.54
2016-07-29,5.61
2016-07-31,5.69
2016-08-01,5.69
2016-08-02,5.73
2016-08-03,5.72
2016-08-04,5.65
2016-08-05,5.46
2016-08-08,5.42
2016-08-09,5.36
2016-08-10,5.38
2016-08-11,5.31
2016-08-12,5.34
2016-08-15,5.23
2016-08-16,5.17
2016-08-17,5.19
2016-08-18,5.20
2016-08-19,5.15
2016-08-22,5.18
2016-08-23,5.14
2016-08-24,5.13
2016-08-25,5.14
2016-08-26,5.04
2016-08-29,5.10
2016-08-30,5.07
2016-08-31,5.10
2016-09-01,5.12
2016-09-02,5.09
2016-09-05,5.09
2016-09-06,5.09
2016-09-07,5.07
2016-09-08,4.99
2016-09-09,5.10
2016-09-12,5.18
2016-09-13,5.24
2016-09-14,5.26
2016-09-15,5.26
2016-09-16,5.27
2016-09-19,5.25
2016-09-20,5.24
2016-09-21,5.22
2016-09-22,5.09
2016-09-23,5.10
2016-09-26,5.16
2016-09-27,5.18
2016-09-28,5.14
2016-09-29,5.09
2016-09-30,4.97
2016-10-03,4.93
2016-10-04,4.85
2016-10-05,4.78
2016-10-06,4.75
2016-10-07,4.76
2016-10-10,4.76
2016-10-11,4.75
2016-10-12,4.75
2016-10-13,4.82
2016-10-14,4.72
2016-10-17,4.76
2016-10-18,4.72
2016-10-19,4.66
2016-10-20,4.62
2016-10-21,4.62
2016-10-24,4.60
2016-10-25,4.60
2016-10-26,4.66
2016-10-27,4.69
2016-10-28,4.76
2016-10-31,4.91
2016-11-01,5.05
2016-11-02,5.15
2016-11-03,5.15
2016-11-04,5.20
2016-11-07,5.01
2016-11-08,4.98
2016-11-09,4.94
2016-11-10,4.97
2016-11-11,4.97
2016-11-14,5.11
2016-11-15,4.94
2016-11-16,4.94
2016-11-17,4.85
2016-11-18,4.84
2016-11-21,4.78
2016-11-22,4.70
2016-11-23,4.66
2016-11-24,4.66
2016-11-25,4.64
2016-11-28,4.66
2016-11-29,4.69
2016-11-30,4.67
2016-12-01,4.62
2016-12-02,4.64
2016-12-05,4.58
2016-12-06,4.50
2016-12-07,4.42
2016-12-08,4.38
2016-12-09,4.28
2016-12-12,4.25
2016-12-13,4.20
2016-12-14,4.12
2016-12-15,4.20
2016-12-16,4.21
2016-12-19,4.23
2016-12-20,4.20
2016-12-21,4.19
2016-12-22,4.17
2016-12-23,4.16
2016-12-26,
2016-12-27,4.11
2016-12-28,4.15
2016-12-29,4.18
2016-12-30,4.21
2016-12-31,4.22
2017-01-02,
2017-01-03,4.13
2017-01-04,4.02
2017-01-05,4.04
2017-01-06,3.98
2017-01-09,4.02
2017-01-10,4.00
2017-01-11,4.03
2017-01-12,4.05
2017-01-13,4.02
2017-01-16,4.00
2017-01-17,4.06
2017-01-18,4.01
2017-01-19,3.99
2017-01-20,4.02
2017-01-23,4.10
2017-01-24,4.02
2017-01-25,3.93
2017-01-26,3.93
2017-01-27,3.93
2017-01-30,3.96
2017-01-31,4.00
2017-02-01,3.95
2017-02-02,3.93
2017-02-03,3.86
2017-02-06,3.91
2017-02-07,3.93
2017-02-08,3.98
2017-02-09,3.93
2017-02-10,3.90
2017-02-13,3.86
2017-02-14,3.80
2017-02-15,3.77
2017-02-16,3.83
2017-02-17,3.86
2017-02-20,3.86
2017-02-21,3.81
2017-02-22,3.78
2017-02-23,3.77
2017-02-24,3.84
2017-02-27,3.75
2017-02-28,3.74
2017-03-01,3.57
2017-03-02,3.55
2017-03-03,3.60
2017-03-06,3.66
2017-03-07,3.73
2017-03-08,3.79
2017-03-09,3.88
2017-03-10,3.89
2017-03-13,3.94
2017-03-14,4.05
2017-03-15,4.02
2017-03-16,3.88
2017-03-17,3.91
2017-03-20,3.97
2017-03-21,4.04
2017-03-22,4.16
2017-03-23,4.11
2017-03-24,4.07
2017-03-27,4.12
2017-03-28,4.01
2017-03-29,3.94
2017-03-30,3.85
2017-03-31,3.92
2017-04-03,3.98
2017-04-04,3.98
2017-04-05,3.91
2017-04-06,3.93
2017-04-07,3.86
2017-04-10,3.86
2017-04-11,3.94
2017-04-12,3.96
2017-04-13,4.03
2017-04-14,
2017-04-17,4.00
2017-04-18,4.07
2017-04-19,4.01
2017-04-20,3.98
2017-04-21,3.97
2017-04-24,3.86
2017-04-25,3.78
2017-04-26,3.76
2017-04-27,3.78
2017-04-28,3.75
2017-04-30,3.81
2017-05-01,3.78
2017-05-02,3.79
2017-05-03,3.76
2017-05-04,3.80
2017-05-05,3.82
2017-05-08,3.80
2017-05-09,3.74
2017-05-10,3.72
2017-05-11,3.72
2017-05-12,3.77
2017-05-15,3.72
2017-05-16,3.71
2017-05-17,3.84
2017-05-18,3.85
2017-05-19,3.78
2017-05-22,3.72
2017-05-23,3.67
2017-05-24,3.68
2017-05-25,3.67
2017-05-26,3.67
2017-05-29,3.67
2017-05-30,3.68
2017-05-31,3.74
2017-06-01,3.69
2017-06-02,3.69
2017-06-05,3.68
2017-06-06,3.72
2017-06-07,3.73
2017-06-08,3.76
2017-06-09,3.73
2017-06-12,3.71
2017-06-13,3.68
2017-06-14,3.70
2017-06-15,3.72
2017-06-16,3.76
2017-06-19,3.70
2017-06-20,3.77
2017-06-21,3.85
2017-06-22,3.87
2017-06-23,3.86
2017-06-26,3.83
2017-06-27,3.77
2017-06-28,3.77
2017-06-29,3.76
2017-06-30,3.77
2017-07-03,3.72
2017-07-04,3.72
2017-07-05,3.73
2017-07-06,3.78
2017-07-07,3.83
2017-07-10,3.83
2017-07-11,3.85
2017-07-12,3.81
2017-07-13,3.77
2017-07-14,3.73
2017-07-17,3.69
2017-07-18,3.69
2017-07-19,3.64
2017-07-20,3.61
2017-07-21,3.64
2017-07-24,3.63
2017-07-25,3.55
2017-07-26,3.56
2017-07-27,3.55
2017-07-28,3.59
2017-07-31,3.61
2017-08-01,3.60
2017-08-02,3.59
2017-08-03,3.63
2017-08-04,3.63
2017-08-07,3.64
2017-08-08,3.64
2017-08-09,3.81
2017-08-10,3.92
2017-08-11,4.00
2017-08-14,3.89
2017-08-15,3.87
2017-08-16,3.88
2017-08-17,3.93
2017-08-18,3.98
2017-08-21,4.00
2017-08-22,3.93
2017-08-23,3.95
2017-08-24,3.91
2017-08-25,3.89
2017-08-28,3.88
2017-08-29,3.90
2017-08-30,3.86
2017-08-31,3.85
2017-09-01,3.82
2017-09-04,3.82
2017-09-05,3.91
2017-09-06,3.84
2017-09-07,3.88
2017-09-08,3.92
2017-09-11,3.85
2017-09-12,3.81
2017-09-13,3.78
2017-09-14,3.74
2017-09-15,3.73
2017-09-18,3.68
2017-09-19,3.66
2017-09-20,3.60
2017-09-21,3.62
2017-09-22,3.64
2017-09-25,3.66
2017-09-26,3.62
2017-09-27,3.57
2017-09-28,3.57
2017-09-29,3.54
2017-09-30,3.56
2017-10-02,3.55
2017-10-03,3.55
2017-10-04,3.54
2017-10-05,3.52
2017-10-06,3.52
2017-10-09,3.51
2017-10-10,3.52
2017-10-11,3.52
2017-10-12,3.56
2017-10-13,3.60
2017-10-16,3.53
2017-10-17,3.50
2017-10-18,3.46
2017-10-19,3.48
2017-10-20,3.42
2017-10-23,3.40
2017-10-24,3.38
2017-10-25,3.42
2017-10-26,3.41
2017-10-27,3.44
2017-10-30,3.49
2017-10-31,3.51
2017-11-01,3.48
2017-11-02,3.52
2017-11-03,3.52
2017-11-06,3.55
2017-11-07,3.57
2017-11-08,3.67
2017-11-09,3.79
2017-11-10,3.76
2017-11-13,3.77
2017-11-14,3.84
2017-11-15,3.97
2017-11-16,3.79
2017-11-17,3.76
2017-11-20,3.70
2017-11-21,3.66
2017-11-22,3.70
2017-11-23,3.70
2017-11-24,3.67
2017-11-27,3.66
2017-11-28,3.67
2017-11-29,3.64
2017-11-30,3.61
2017-12-01,3.63
2017-12-04,3.58
2017-12-05,3.57
2017-12-06,3.63
2017-12-07,3.63
2017-12-08,3.63
2017-12-11,3.61
2017-12-12,3.58
2017-12-13,3.64
2017-12-14,3.63
2017-12-15,3.64
2017-12-18,3.64
2017-12-19,3.60
2017-12-20,3.58
2017-12-21,3.57
2017-12-22,3.56
2017-12-25,
2017-12-26,3.57
2017-12-27,3.59
2017-12-28,3.55
2017-12-29,3.58
2017-12-31,3.63
2018-01-01,
2018-01-02,3.55
2018-01-03,3.48
2018-01-04,3.40
2018-01-05,3.36
2018-01-08,3.35
2018-01-09,3.33
2018-01-10,3.42
2018-01-11,3.40
2018-01-12,3.37
2018-01-15,3.35
2018-01-16,3.34
2018-01-17,3.34
2018-01-18,3.35
2018-01-19,3.35
2018-01-22,3.32
2018-01-23,3.31
2018-01-24,3.28
2018-01-25,3.28
2018-01-26,3.23
2018-01-29,3.26
2018-01-30,3.33
2018-01-31,3.29
2018-02-01,3.29
2018-02-02,3.36
2018-02-05,3.48
2018-02-06,3.60
2018-02-07,3.46
2018-02-08,3.59
2018-02-09,3.82
2018-02-12,3.71
2018-02-13,3.78
2018-02-14,3.69
2018-02-15,3.57
2018-02-16,3.50
2018-02-19,3.50
2018-02-20,3.48
2018-02-21,3.46
2018-02-22,3.53
2018-02-23,3.58
2018-02-26,3.50
2018-02-27,3.47
2018-02-28,3.47
2018-03-01,3.59
2018-03-02,3.65
2018-03-05,3.59
2018-03-06,3.53
2018-03-07,3.56
2018-03-08,3.56
2018-03-09,3.53
2018-03-12,3.55
2018-03-13,3.58
2018-03-14,3.62
2018-03-15,3.62
2018-03-16,3.60
2018-03-19,3.65
2018-03-20,3.62
2018-03-21,3.60
2018-03-22,3.70
2018-03-23,3.74
2018-03-26,3.73
2018-03-27,3.75
2018-03-28,3.77
2018-03-29,3.79
2018-03-30,
2018-03-31,3.72
2018-04-02,3.77
2018-04-03,3.71
2018-04-04,3.71
2018-04-05,3.59
2018-04-06,3.64
2018-04-09,3.61
2018-04-10,3.52
2018-04-11,3.50
2018-04-12,3.42
2018-04-13,3.38
2018-04-16,3.33
2018-04-17,3.29
2018-04-18,3.24
2018-04-19,3.33
2018-04-20,3.33
2018-04-23,3.36
2018-04-24,3.41
2018-04-25,3.47
2018-04-26,3.43
2018-04-27,3.44
2018-04-30,3.46
2018-05-01,3.47
2018-05-02,3.45
2018-05-03,3.50
2018-05-04,3.49
2018-05-07,3.46
2018-05-08,3.46
2018-05-09,3.43
2018-05-10,3.41
2018-05-11,3.40
2018-05-14,3.37
2018-05-15,3.36
2018-05-16,3.37
2018-05-17,3.36
2018-05-18,3.41
2018-05-21,3.40
2018-05-22,3.39
2018-05-23,3.48
2018-05-24,3.49
2018-05-25,3.53
2018-05-28,3.53
2018-05-29,3.75
2018-05-30,3.64
2018-05-31,3.63
2018-06-01,3.55
2018-06-04,3.49
2018-06-05,3.50
2018-06-06,3.44
2018-06-07,3.44
2018-06-08,3.45
2018-06-11,3.39
2018-06-12,3.38
2018-06-13,3.33
2018-06-14,3.31
2018-06-15,3.33
2018-06-18,3.34
2018-06-19,3.40
2018-06-20,3.34
2018-06-21,3.39
2018-06-22,3.39
2018-06-25,3.47
2018-06-26,3.48
2018-06-27,3.56
2018-06-28,3.64
2018-06-29,3.61
2018-06-30,3.71
2018-07-02,3.78
2018-07-03,3.77
2018-07-04,3.77
2018-07-05,3.74
2018-07-06,3.74
2018-07-09,3.65
2018-07-10,3.59
2018-07-11,3.66
2018-07-12,3.61
2018-07-13,3.62
2018-07-16,3.59
2018-07-17,3.58
2018-07-18,3.56
2018-07-19,3.59
2018-07-20,3.55
2018-07-23,3.50
2018-07-24,3.47
2018-07-25,3.48
2018-07-26,3.42
2018-07-27,3.42
2018-07-30,3.43
2018-07-31,3.46
2018-08-01,3.43
2018-08-02,3.43
2018-08-03,3.43
2018-08-06,3.43
2018-08-07,3.35
2018-08-08,3.37
2018-08-09,3.38
2018-08-10,3.50
2018-08-13,3.52
2018-08-14,3.48
2018-08-15,3.55
2018-08-16,3.49
2018-08-17,3.49
2018-08-20,3.52
2018-08-21,3.48
2018-08-22,3.48
2018-08-23,3.47
2018-08-24,3.46
2018-08-27,3.43
2018-08-28,3.40
2018-08-29,3.39
2018-08-30,3.44
2018-08-31,3.49
2018-09-03,3.49
2018-09-04,3.46
2018-09-05,3.49
2018-09-06,3.52
2018-09-07,3.48
2018-09-10,3.46
2018-09-11,3.40
2018-09-12,3.38
2018-09-13,3.35
2018-09-14,3.29
2018-09-17,3.29
2018-09-18,3.24
2018-09-19,3.24
2018-09-20,3.25
2018-09-21,3.25
2018-09-24,3.28
2018-09-25,3.26
2018-09-26,3.27
2018-09-27,3.25
2018-09-28,3.24
2018-09-30,3.28
2018-10-01,3.22
2018-10-02,3.22
2018-10-03,3.16
2018-10-04,3.29
2018-10-05,3.32
2018-10-08,3.32
2018-10-09,3.41
2018-10-10,3.51
2018-10-11,3.58
2018-10-12,3.54
2018-10-15,3.49
2018-10-16,3.45
2018-10-17,3.45
2018-10-18,3.51
2018-10-19,3.51
2018-10-22,3.52
2018-10-23,3.65
2018-10-24,3.68
2018-10-25,3.72
2018-10-26,3.85
2018-10-29,3.84
2018-10-30,3.89
2018-10-31,3.81
2018-11-01,3.81
2018-11-02,3.72
2018-11-05,3.72
2018-11-06,3.68
2018-11-07,3.60
2018-11-08,3.57
2018-11-09,3.71
2018-11-12,3.71
2018-11-13,3.89
2018-11-14,3.99
2018-11-15,4.11
2018-11-16,4.18
2018-11-19,4.25
2018-11-20,4.33
2018-11-21,4.24
2018-11-22,4.25
2018-11-23,4.29
2018-11-26,4.26
2018-11-27,4.31
2018-11-28,4.25
2018-11-29,4.22
2018-11-30,4.29
2018-12-03,4.20
2018-12-04,4.29
2018-12-05,4.29
2018-12-06,4.50
2018-12-07,4.50
2018-12-10,4.56
2018-12-11,4.48
2018-12-12,4.40
2018-12-13,4.39
2018-12-14,4.46
2018-12-17,4.58
2018-12-18,4.72
2018-12-19,4.84
2018-12-20,5.11
2018-12-21,5.22
2018-12-24,5.35
2018-12-25,
2018-12-26,5.37
2018-12-27,5.38
2018-12-28,5.30
2018-12-31,5.33
2019-01-01,
2019-01-02,5.35
2019-01-03,5.44
2019-01-04,5.05
2019-01-07,4.83
2019-01-08,4.65
2019-01-09,4.52
2019-01-10,4.54
2019-01-11,4.55
2019-01-14,4.60
2019-01-15,4.55
2019-01-16,4.44
2019-01-17,4.40
2019-01-18,4.27
2019-01-21,4.27
2019-01-22,4.41
2019-01-23,4.39
2019-01-24,4.45
2019-01-25,4.34
2019-01-28,4.41
2019-01-29,4.40
2019-01-30,4.36
2019-01-31,4.37
2019-02-01,4.29
2019-02-04,4.25
2019-02-05,4.15
2019-02-06,4.13
2019-02-07,4.29
2019-02-08,4.32
2019-02-11,4.28
2019-02-12,4.17
2019-02-13,4.12
2019-02-14,4.17
2019-02-15,4.12
2019-02-18,4.12
2019-02-19,4.11
2019-02-20,4.08
2019-02-21,4.04
2019-02-22,4.05
2019-02-25,4.00
2019-02-26,4.01
2019-02-27,3.94
2019-02-28,3.92
2019-03-01,3.86
2019-03-04,3.90
2019-03-05,3.91
2019-03-06,3.98
2019-03-07,4.10
2019-03-08,4.18
2019-03-11,4.12
2019-03-12,4.08
2019-03-13,3.99
2019-03-14,3.95
2019-03-15,3.95
2019-03-18,3.95
2019-03-19,3.91
2019-03-20,3.97
2019-03-21,3.92
2019-03-22,4.03
2019-03-25,4.13
2019-03-26,4.09
2019-03-27,4.09
2019-03-28,4.08
2019-03-29,3.99
2019-03-31,4.05
2019-04-01,3.94
2019-04-02,3.95
2019-04-03,3.90
2019-04-04,3.90
2019-04-05,3.86
2019-04-08,3.84
2019-04-09,3.86
2019-04-10,3.86
2019-04-11,3.79
2019-04-12,3.68
2019-04-15,3.68
2019-04-16,3.64
2019-04-17,3.67
2019-04-18,3.73
2019-04-19,
2019-04-22,3.73
2019-04-23,3.72
2019-04-24,3.73
2019-04-25,3.75
2019-04-26,3.76
2019-04-29,3.73
2019-04-30,3.73
2019-05-01,3.71
2019-05-02,3.74
2019-05-03,3.72
2019-05-06,3.82
2019-05-07,3.89
2019-05-08,3.87
2019-05-09,3.99
2019-05-10,4.01
2019-05-13,4.20
2019-05-14,4.13
2019-05-15,4.17
2019-05-16,4.06
2019-05-17,4.07
2019-05-20,4.06
2019-05-21,3.99
2019-05-22,4.03
2019-05-23,4.22
2019-05-24,4.16
2019-05-27,4.16
2019-05-28,4.19
2019-05-29,4.36
2019-05-30,4.33
2019-05-31,4.59
2019-06-03,4.70
2019-06-04,4.53
2019-06-05,4.48
2019-06-06,4.42
2019-06-07,4.37
2019-06-10,4.23
2019-06-11,4.20
2019-06-12,4.22
2019-06-13,4.24
2019-06-14,4.23
2019-06-17,4.23
2019-06-18,4.14
2019-06-19,4.16
2019-06-20,4.03
2019-06-21,3.95
2019-06-24,4.00
2019-06-25,4.09
2019-06-26,4.05
2019-06-27,4.09
2019-06-28,4.07
2019-06-30,4.07
2019-07-01,3.99
2019-07-02,4.04
2019-07-03,4.02
2019-07-04,4.02
2019-07-05,3.98
2019-07-08,4.00
2019-07-09,4.03
2019-07-10,4.01
2019-07-11,4.00
2019-07-12,4.02
2019-07-15,4.00
2019-07-16,3.96
2019-07-17,4.01
2019-07-18,4.11
2019-07-19,4.07
2019-07-22,4.06
2019-07-23,3.99
2019-07-24,3.98
2019-07-25,3.93
2019-07-26,3.89
2019-07-29,3.93
2019-07-30,3.97
2019-07-31,3.93
2019-08-01,4.10
2019-08-02,4.19
2019-08-05,4.53
2019-08-06,4.46
2019-08-07,4.52
2019-08-08,4.31
2019-08-09,4.31
2019-08-12,4.40
2019-08-13,4.25
2019-08-14,4.49
2019-08-15,4.52
2019-08-16,4.47
2019-08-19,4.36
2019-08-20,4.35
2019-08-21,4.21
2019-08-22,4.16
2019-08-23,4.25
2019-08-26,4.22
2019-08-27,4.19
2019-08-28,4.17
2019-08-29,4.08
2019-08-30,4.09
2019-08-31,4.13
2019-09-02,4.13
2019-09-03,4.23
2019-09-04,4.23
2019-09-05,4.07
2019-09-06,4.05
2019-09-09,3.99
2019-09-10,3.90
2019-09-11,3.92
2019-09-12,3.85
2019-09-13,3.83
2019-09-16,3.80
2019-09-17,3.81
2019-09-18,3.82
2019-09-19,3.77
2019-09-20,3.81
2019-09-23,3.84
2019-09-24,3.90
2019-09-25,3.91
2019-09-26,3.95
2019-09-27,3.99
2019-09-30,4.02
2019-10-01,4.08
2019-10-02,4.28
2019-10-03,4.40
2019-10-04,4.38
2019-10-07,4.31
2019-10-08,4.39
2019-10-09,4.32
2019-10-10,4.26
2019-10-11,4.10
2019-10-14,4.08
2019-10-15,4.01
2019-10-16,4.01
2019-10-17,4.00
2019-10-18,4.02
2019-10-21,3.98
2019-10-22,3.99
2019-10-23,3.98
2019-10-24,3.96
2019-10-25,3.89
2019-10-28,3.85
2019-10-29,3.86
2019-10-30,3.96
2019-10-31,4.15
2019-11-01,4.09
2019-11-04,3.99
2019-11-05,3.97
2019-11-06,4.02
2019-11-07,3.96
2019-11-08,4.00
2019-11-11,3.99
2019-11-12,4.00
2019-11-13,4.05
2019-11-14,4.08
2019-11-15,4.06
2019-11-18,4.09
2019-11-19,4.12
2019-11-20,4.18
2019-11-21,4.17
2019-11-22,4.13
2019-11-25,4.08
2019-11-26,4.05
2019-11-27,3.99
2019-11-28,
2019-11-29,4.01
2019-11-30,4.02
2019-12-02,4.03
2019-12-03,4.14
2019-12-04,4.02
2019-12-05,4.00
2019-12-06,3.89
2019-12-09,3.88
2019-12-10,3.84
2019-12-11,3.83
2019-12-12,3.70
2019-12-13,3.71
2019-12-16,3.62
2019-12-17,3.58
2019-12-18,3.51
2019-12-19,3.54
2019-12-20,3.53
2019-12-23,3.52
2019-12-24,3.53
2019-12-25,
2019-12-26,3.53
2019-12-27,3.56
2019-12-30,3.60
2019-12-31,3.60
2020-01-01,
2020-01-02,3.56
2020-01-03,3.61
2020-01-06,3.57
2020-01-07,3.54
2020-01-08,3.50
2020-01-09,3.49
2020-01-10,3.48
2020-01-13,3.48
2020-01-14,3.45
2020-01-15,3.44
2020-01-16,3.42
2020-01-17,3.39
2020-01-20,3.38
2020-01-21,3.47
2020-01-22,3.49
2020-01-23,3.58
2020-01-24,3.68
2020-01-27,4.03
2020-01-28,3.86
2020-01-29,3.83
2020-01-30,3.95
2020-01-31,4.03
2020-02-03,3.97
2020-02-04,3.85
2020-02-05,3.75
2020-02-06,3.70
2020-02-07,3.75
2020-02-10,3.75
2020-02-11,3.65
2020-02-12,3.59
2020-02-13,3.57
2020-02-14,3.56
2020-02-17,3.56
2020-02-18,3.61
2020-02-19,3.57
2020-02-20,3.62
2020-02-21,3.66
2020-02-24,4.03
2020-02-25,4.18
2020-02-26,4.27
2020-02-27,4.62
2020-02-28,5.04
2020-02-29,5.06
2020-03-02,4.97
2020-03-03,4.84
2020-03-04,4.75
2020-03-05,5.05
2020-03-06,5.64
2020-03-09,6.68
2020-03-10,6.38
2020-03-11,6.61
2020-03-12,7.42
2020-03-13,7.31
2020-03-16,8.38
2020-03-17,8.41
2020-03-18,9.04
2020-03-19,9.82
2020-03-20,10.09
2020-03-23,10.87
2020-03-24,10.55
2020-03-25,10.11
2020-03-26,9.29
2020-03-27,8.99
2020-03-30,8.82
2020-03-31,8.77
2020-04-01,9.11
2020-04-02,9.17
2020-04-03,9.43
2020-04-06,9.26
2020-04-07,8.88
2020-04-08,8.81
2020-04-09,7.96
2020-04-10,
2020-04-13,7.70
2020-04-14,7.35
2020-04-15,7.64
2020-04-16,7.58
2020-04-17,7.31
2020-04-20,7.52
2020-04-21,7.90
2020-04-22,7.85
2020-04-23,7.87
2020-04-24,8.03
2020-04-27,8.01
2020-04-28,8.02
2020-04-29,7.87
2020-04-30,7.63
2020-05-01,7.70
2020-05-04,7.79
2020-05-05,7.60
2020-05-06,7.60
2020-05-07,7.60
2020-05-08,7.52
2020-05-11,7.51
2020-05-12,7.42
2020-05-13,7.61
2020-05-14,7.77
2020-05-15,7.78
2020-05-18,7.41
2020-05-19,7.35
2020-05-20,7.16
2020-05-21,7.08
2020-05-22,7.06
2020-05-25,7.06
2020-05-26,6.75
2020-05-27,6.70
2020-05-28,6.60
2020-05-29,6.71
2020-05-31,6.54
2020-06-01,6.43
2020-06-02,6.18
2020-06-03,5.80
2020-06-04,5.83
2020-06-05,5.50
2020-06-08,5.51
2020-06-09,5.75
2020-06-10,5.92
2020-06-11,6.40
2020-06-12,6.28
2020-06-15,6.25
2020-06-16,5.78
2020-06-17,5.85
2020-06-18,6.01
2020-06-19,6.02
2020-06-22,6.03
2020-06-23,6.02
2020-06-24,6.23
2020-06-25,6.30
2020-06-26,6.41
2020-06-29,6.52
2020-06-30,6.44
2020-07-01,6.33
2020-07-02,6.17
2020-07-03,6.17
2020-07-06,6.03
2020-07-07,6.04
2020-07-08,6.06
2020-07-09,6.14
2020-07-10,6.14
2020-07-13,6.01
2020-07-14,6.03
2020-07-15,5.81
2020-07-16,5.76
2020-07-17,5.74
2020-07-20,5.54
2020-07-21,5.33
2020-07-22,5.28
2020-07-23,5.26
2020-07-24,5.29
2020-07-27,5.24
2020-07-28,5.27
2020-07-29,5.15
2020-07-30,5.14
2020-07-31,5.16
2020-08-03,5.08
2020-08-04,5.13
2020-08-05,5.04
2020-08-06,5.06
2020-08-07,5.06
2020-08-10,5.09
2020-08-11,5.03
2020-08-12,5.10
2020-08-13,5.16
2020-08-14,5.26
2020-08-17,5.29
2020-08-18,5.26
2020-08-19,5.25
2020-08-20,5.28
2020-08-21,5.25
2020-08-24,5.17
2020-08-25,5.07
2020-08-26,5.02
2020-08-27,4.98
2020-08-28,5.00
2020-08-31,5.02
2020-09-01,4.97
2020-09-02,4.93
2020-09-03,5.04
2020-09-04,5.13
2020-09-07,5.13
2020-09-08,5.25
2020-09-09,5.16
2020-09-10,5.16
2020-09-11,5.21
2020-09-14,5.18
2020-09-15,5.14
2020-09-16,5.07
2020-09-17,5.14
2020-09-18,5.16
2020-09-21,5.42
2020-09-22,5.45
2020-09-23,5.47
2020-09-24,5.64
2020-09-25,5.64
2020-09-28,5.52
2020-09-29,5.50
2020-09-30,5.41
2020-10-01,5.36
2020-10-02,5.38
2020-10-05,5.18
2020-10-06,5.06
2020-10-07,5.02
2020-10-08,4.97
2020-10-09,4.92
2020-10-12,4.92
2020-10-13,4.88
2020-10-14,4.89
2020-10-15,5.01
2020-10-16,4.94
2020-10-19,4.91
2020-10-20,4.90
2020-10-21,4.91
2020-10-22,4.88
2020-10-23,4.87
2020-10-26,5.03
2020-10-27,5.06
2020-10-28,5.29
2020-10-29,5.25
2020-10-30,5.25
2020-10-31,5.32
2020-11-02,5.25
2020-11-03,5.07
2020-11-04,4.79
2020-11-05,4.59
2020-11-06,4.67
2020-11-09,4.22
2020-11-10,4.37
2020-11-11,4.37
2020-11-12,4.62
2020-11-13,4.63
2020-11-16,4.50
2020-11-17,4.48
2020-11-18,4.42
2020-11-19,4.48
2020-11-20,4.49
2020-11-23,4.43
2020-11-24,4.31
2020-11-25,4.33
2020-11-26,4.33
2020-11-27,4.35
2020-11-30,4.33
2020-12-01,4.21
2020-12-02,4.17
2020-12-03,4.10
2020-12-04,4.03
2020-12-07,4.03
2020-12-08,4.03
2020-12-09,4.04
2020-12-10,4.08
2020-12-11,4.13
2020-12-14,4.07
2020-12-15,4.06
2020-12-16,4.06
2020-12-17,4.05
2020-12-18,4.03
2020-12-21,4.18
2020-12-22,4.12
2020-12-23,4.07
2020-12-24,4.05
2020-12-25,
2020-12-28,3.89
2020-12-29,3.85
2020-12-30,3.87
2020-12-31,3.86
2021-01-01,
2021-01-04,3.93
2021-01-05,3.92
2021-01-06,3.80
2021-01-07,3.78
2021-01-08,3.76
2021-01-11,3.82
2021-01-12,3.85
2021-01-13,3.82
2021-01-14,3.73
2021-01-15,3.74
2021-01-18,3.73
2021-01-19,3.71
2021-01-20,3.67
2021-01-21,3.65
2021-01-22,3.75
2021-01-25,3.75
2021-01-26,3.74
2021-01-27,3.85
2021-01-28,3.76
2021-01-29,3.79
2021-01-31,3.84
2021-02-01,3.83
2021-02-02,3.75
2021-02-03,3.68
2021-02-04,3.64
2021-02-05,3.58
2021-02-08,3.54
2021-02-09,3.51
2021-02-10,3.51
2021-02-11,3.50
2021-02-12,3.48
2021-02-15,3.47
2021-02-16,3.41
2021-02-17,3.44
2021-02-18,3.46
2021-02-19,3.41
2021-02-22,3.44
2021-02-23,3.47
2021-02-24,3.42
2021-02-25,3.42
2021-02-26,3.52
2021-02-28,3.57
2021-03-01,3.54
2021-03-02,3.53
2021-03-03,3.51
2021-03-04,3.54
2021-03-05,3.60
2021-03-08,3.57
2021-03-09,3.62
2021-03-10,3.63
2021-03-11,3.52
2021-03-12,3.55
2021-03-15,3.55
2021-03-16,3.55
2021-03-17,3.65
2021-03-18,3.66
2021-03-19,3.67
2021-03-22,3.58
2021-03-23,3.57
2021-03-24,3.51
2021-03-25,3.53
2021-03-26,3.48
2021-03-29,3.43
2021-03-30,3.44
2021-03-31,3.36
2021-04-01,3.33
2021-04-02,
2021-04-05,3.25
2021-04-06,3.25
2021-04-07,3.22
2021-04-08,3.21
2021-04-09,3.24
2021-04-12,3.24
2021-04-13,3.32
2021-04-14,3.25
2021-04-15,3.25
2021-04-16,3.22
2021-04-19,3.25
2021-04-20,3.35
2021-04-21,3.34
2021-04-22,3.34
2021-04-23,3.29
2021-04-26,3.26
2021-04-27,3.24
2021-04-28,3.26
2021-04-29,3.24
2021-04-30,3.28
2021-05-03,3.27
2021-05-04,3.32
2021-05-05,3.29
2021-05-06,3.30
2021-05-07,3.27
2021-05-10,3.26
2021-05-11,3.36
2021-05-12,3.34
2021-05-13,3.37
2021-05-14,3.35
2021-05-17,3.35
2021-05-18,3.35
2021-05-19,3.40
2021-05-20,3.42
2021-05-21,3.37
2021-05-24,3.37
2021-05-25,3.34
2021-05-26,3.35
2021-05-27,3.30
2021-05-28,3.29
2021-05-31,3.34
2021-06-01,3.33
2021-06-02,3.31
2021-06-03,3.28
2021-06-04,3.28
2021-06-07,3.27
2021-06-08,3.26
2021-06-09,3.22
2021-06-10,3.23
2021-06-11,3.21
2021-06-14,3.17
2021-06-15,3.17
2021-06-16,3.12
2021-06-17,3.15
2021-06-18,3.18
2021-06-21,3.14
2021-06-22,3.15
2021-06-23,3.13
2021-06-24,3.08
2021-06-25,3.04
2021-06-28,3.05
2021-06-29,3.03
2021-06-30,3.04
2021-07-01,3.02
2021-07-02,3.04
2021-07-05,3.03
2021-07-06,3.05
2021-07-07,3.05
2021-07-08,3.14
2021-07-09,3.07
2021-07-12,3.05
2021-07-13,3.04
2021-07-14,3.10
2021-07-15,3.14
2021-07-16,3.18
2021-07-19,3.44
2021-07-20,3.38
2021-07-21,3.24
2021-07-22,3.24
2021-07-23,3.22
2021-07-26,3.21
2021-07-27,3.27
2021-07-28,3.26
2021-07-29,3.23
2021-07-30,3.26
2021-07-31,3.32
2021-08-02,3.36
2021-08-03,3.42
2021-08-04,3.42
2021-08-05,3.37
2021-08-06,3.32
2021-08-09,3.34
2021-08-10,3.32
2021-08-11,3.37
2021-08-12,3.34
2021-08-13,3.36
2021-08-16,3.38
2021-08-17,3.37
2021-08-18,3.35
2021-08-19,3.42
2021-08-20,3.37
2021-08-23,3.34
2021-08-24,3.26
2021-08-25,3.22
2021-08-26,3.20
2021-08-27,3.17
2021-08-30,3.16
2021-08-31,3.21
2021-09-01,3.19
2021-09-02,3.16
2021-09-03,3.14
2021-09-06,3.13
2021-09-07,3.16
2021-09-08,3.16
2021-09-09,3.15
2021-09-10,3.11
2021-09-13,3.09
2021-09-14,3.11
2021-09-15,3.08
2021-09-16,3.06
2021-09-17,3.04
2021-09-20,3.23
2021-09-21,3.17
2021-09-22,3.09
2021-09-23,3.03
2021-09-24,3.05
2021-09-27,3.06
2021-09-28,3.13
2021-09-29,3.09
2021-09-30,3.15
2021-10-01,3.20
2021-10-04,3.21
2021-10-05,3.17
2021-10-06,3.29
2021-10-07,3.19
2021-10-08,3.20
2021-10-11,3.20
2021-10-12,3.28
2021-10-13,3.25
2021-10-14,3.18
2021-10-15,3.12
2021-10-18,3.11
2021-10-19,3.09
2021-10-20,3.07
2021-10-21,3.03
2021-10-22,3.07
2021-10-25,3.11
2021-10-26,3.09
2021-10-27,3.11
2021-10-28,3.08
2021-10-29,3.08
2021-10-31,3.15
2021-11-01,3.16
2021-11-02,3.21
2021-11-03,3.18
2021-11-04,3.19
2021-11-05,3.12
2021-11-08,3.03
2021-11-09,3.08
2021-11-10,3.06
2021-11-11,3.06
2021-11-12,3.09
2021-11-15,3.10
2021-11-16,3.12
2021-11-17,3.17
2021-11-18,3.19
2021-11-19,3.24
2021-11-22,3.18
2021-11-23,3.30
2021-11-24,3.32
2021-11-25,3.32
2021-11-26,3.62
2021-11-29,3.53
2021-11-30,3.67
2021-12-01,3.58
2021-12-02,3.54
2021-12-03,3.56
2021-12-06,3.41
2021-12-07,3.16
2021-12-08,3.21
2021-12-09,3.25
2021-12-10,3.29
2021-12-13,3.33
2021-12-14,3.35
2021-12-15,3.33
2021-12-16,3.32
2021-12-17,3.36
2021-12-20,3.41
2021-12-21,3.25
2021-12-22,3.21
2021-12-23,3.12
2021-12-24,
2021-12-27,3.02
2021-12-28,3.01
2021-12-29,3.03
2021-12-30,3.09
2021-12-31,3.10
2022-01-03,3.05
2022-01-04,3.09
2022-01-05,3.07
2022-01-06,3.15
2022-01-07,3.20
2022-01-10,3.24
2022-01-11,3.18
2022-01-12,3.06
2022-01-13,3.10
2022-01-14,3.09
2022-01-17,3.09
2022-01-18,3.12
2022-01-19,3.11
2022-01-20,3.10
2022-01-21,3.29
2022-01-24,3.44
2022-01-25,3.39
2022-01-26,3.25
2022-01-27,3.46
2022-01-28,3.61
2022-01-31,3.63
2022-02-01,3.51
2022-02-02,3.45
2022-02-03,3.51
2022-02-04,3.56
2022-02-07,3.60
2022-02-08,3.55
2022-02-09,3.46
2022-02-10,3.44
2022-02-11,3.66
2022-02-14,3.74
2022-02-15,3.67
2022-02-16,3.68
2022-02-17,3.74
2022-02-18,3.78
2022-02-21,3.78
2022-02-22,3.75
2022-02-23,3.72
2022-02-24,3.93
2022-02-25,3.62
2022-02-28,3.77
2022-03-01,3.89
2022-03-02,3.71
2022-03-03,3.71
2022-03-04,3.90
2022-03-07,4.01
2022-03-08,4.03
2022-03-09,3.94
2022-03-10,4.00
2022-03-11,4.05
2022-03-14,4.16
2022-03-15,4.21
2022-03-16,3.96
2022-03-17,3.81
2022-03-18,3.81
2022-03-21,3.67
2022-03-22,3.70
2022-03-23,3.72
2022-03-24,3.67
2022-03-25,3.51
2022-03-28,3.54
2022-03-29,3.38
2022-03-30,3.33
2022-03-31,3.43
2022-04-01,3.40
2022-04-04,3.33
2022-04-05,3.27
2022-04-06,3.48
2022-04-07,3.54
2022-04-08,3.57
2022-04-11,3.73
2022-04-12,3.75
2022-04-13,3.77
2022-04-14,3.68
2022-04-15,
2022-04-18,3.64
2022-04-19,3.58
2022-04-20,3.56
2022-04-21,3.50
2022-04-22,3.65
2022-04-25,3.80
2022-04-26,3.83
2022-04-27,3.89
2022-04-28,3.83
2022-04-29,3.93
2022-04-30,3.97
2022-05-02,4.05
2022-05-03,3.97
2022-05-04,4.10
2022-05-05,4.03
2022-05-06,4.18
2022-05-09,4.47
2022-05-10,4.52
2022-05-11,4.55
2022-05-12,4.77
2022-05-13,4.63
2022-05-16,4.71
2022-05-17,4.60
2022-05-18,4.84
2022-05-19,4.92
2022-05-20,4.91
2022-05-23,4.82
2022-05-24,4.94
2022-05-25,4.74
2022-05-26,4.38
2022-05-27,4.19
2022-05-30,4.19
2022-05-31,4.22
2022-06-01,4.13
2022-06-02,4.15
2022-06-03,4.21
2022-06-06,4.19
2022-06-07,4.34
2022-06-08,4.34
2022-06-09,4.42
2022-06-10,4.51
2022-06-13,4.87
2022-06-14,4.90
2022-06-15,4.82
2022-06-16,5.17
2022-06-17,5.15
2022-06-20,5.15
2022-06-21,5.05
2022-06-22,5.32
2022-06-23,5.38
2022-06-24,5.18
2022-06-27,5.11
2022-06-28,5.26
2022-06-29,5.62
2022-06-30,5.87
2022-07-01,5.92
2022-07-04,5.93
2022-07-05,5.99
2022-07-06,5.80
2022-07-07,5.50
2022-07-08,5.36
2022-07-11,5.44
2022-07-12,5.43
2022-07-13,5.47
2022-07-14,5.53
2022-07-15,5.39
2022-07-18,5.25
2022-07-19,5.10
2022-07-20,4.90
2022-07-21,4.99
2022-07-22,4.96
2022-07-25,4.95
2022-07-26,5.06
2022-07-27,5.07
2022-07-28,4.98
2022-07-29,4.77
2022-07-31,4.83
2022-08-01,4.80
2022-08-02,4.61
2022-08-03,4.54
2022-08-04,4.55
2022-08-05,4.44
2022-08-08,4.41
2022-08-09,4.46
2022-08-10,4.33
2022-08-11,4.21
2022-08-12,4.25
2022-08-15,4.24
2022-08-16,4.25
2022-08-17,4.33
2022-08-18,4.37
2022-08-19,4.45
2022-08-22,4.62
2022-08-23,4.68
2022-08-24,4.61
2022-08-25,4.60
2022-08-26,4.65
2022-08-29,4.78
2022-08-30,4.90
2022-08-31,5.03
2022-09-01,5.08
2022-09-02,5.06
2022-09-05,5.07
2022-09-06,4.98
2022-09-07,4.97
2022-09-08,4.80
2022-09-09,4.57
2022-09-12,4.50
2022-09-13,4.68
2022-09-14,4.74
2022-09-15,4.77
2022-09-16,5.00
2022-09-19,4.88
2022-09-20,4.88
2022-09-21,4.87
2022-09-22,4.91
2022-09-23,5.12
2022-09-26,5.18
2022-09-27,5.22
2022-09-28,5.47
2022-09-29,5.50
2022-09-30,5.43
2022-10-03,5.43
2022-10-04,5.12
2022-10-05,5.09
2022-10-06,4.95
2022-10-07,5.02
2022-10-10,5.03
2022-10-11,5.25
2022-10-12,5.31
2022-10-13,5.25
2022-10-14,5.15
2022-10-17,5.04
2022-10-18,4.95
2022-10-19,4.97
2022-10-20,4.89
2022-10-21,4.99
2022-10-24,4.91
2022-10-25,4.88
2022-10-26,4.80
2022-10-27,4.76
2022-10-28,4.54
2022-10-31,4.63
2022-11-01,4.61
2022-11-02,4.62
2022-11-03,4.81
2022-11-04,4.77
2022-11-07,4.71
2022-11-08,4.79
2022-11-09,4.99
2022-11-10,4.80
2022-11-11,4.81
2022-11-14,4.67
2022-11-15,4.64
2022-11-16,4.71
2022-11-17,4.75
2022-11-18,4.65
2022-11-21,4.64
2022-11-22,4.57
2022-11-23,4.51
2022-11-24,4.51
2022-11-25,4.52
2022-11-28,4.63
2022-11-29,4.63
2022-11-30,4.55
2022-12-01,4.48
2022-12-02,4.50
2022-12-05,4.43
2022-12-06,4.57
2022-12-07,4.68
2022-12-08,4.55
2022-12-09,4.46
2022-12-12,4.40
2022-12-13,4.34
2022-12-14,4.37
2022-12-15,4.54
2022-12-16,4.67
2022-12-19,4.67
2022-12-20,4.68
2022-12-21,4.56
2022-12-22,4.61
2022-12-23,4.59
2022-12-26,
2022-12-27,4.55
2022-12-28,4.77
2022-12-29,4.81
2022-12-30,4.79
2022-12-31,4.81
2023-01-02,
2023-01-03,4.70
2023-01-04,4.62
2023-01-05,4.58
2023-01-06,4.47
2023-01-09,4.37
2023-01-10,4.33
2023-01-11,4.30
2023-01-12,4.29
2023-01-13,4.21
2023-01-16,4.19
2023-01-17,4.19
2023-01-18,4.25
2023-01-19,4.39
2023-01-20,4.35
2023-01-23,4.27
2023-01-24,4.33
2023-01-25,4.35
2023-01-26,4.24
2023-01-27,4.23
2023-01-30,4.26
2023-01-31,4.30
2023-02-01,4.31
2023-02-02,3.94
2023-02-03,3.95
2023-02-06,3.99
2023-02-07,3.99
2023-02-08,4.07
2023-02-09,4.05
2023-02-10,4.24
2023-02-13,4.23
2023-02-14,4.15
2023-02-15,4.18
2023-02-16,4.24
2023-02-17,4.38
2023-02-20,4.38
2023-02-21,4.49
2023-02-22,4.41
2023-02-23,4.30
2023-02-24,4.28
2023-02-27,4.21
2023-02-28,4.22
2023-03-01,4.17
2023-03-02,4.18
2023-03-03,4.05
2023-03-06,3.97
2023-03-07,3.98
2023-03-08,4.09
2023-03-09,4.27
2023-03-10,4.61
2023-03-13,5.03
2023-03-14,4.74
2023-03-15,5.20
2023-03-16,4.93
2023-03-17,5.17
2023-03-20,5.15
2023-03-21,4.85
2023-03-22,5.00
2023-03-23,5.10
2023-03-24,5.22
2023-03-27,5.03
2023-03-28,5.01
2023-03-29,4.83
2023-03-30,4.74
2023-03-31,4.58
2023-04-03,4.58
2023-04-04,4.73
2023-04-05,4.84
2023-04-06,4.84
2023-04-07,
2023-04-10,4.70
2023-04-11,4.63
2023-04-12,4.62
2023-04-13,4.49
2023-04-14,4.43
2023-04-17,4.41
2023-04-18,4.37
2023-04-19,4.41
2023-04-20,4.54
2023-04-21,4.46
2023-04-24,4.48
2023-04-25,4.64
2023-04-26,4.63
2023-04-27,4.48
2023-04-28,4.50
2023-04-30,4.53
2023-05-01,4.45
2023-05-02,4.70
2023-05-03,4.79
2023-05-04,4.95
2023-05-05,4.77
2023-05-08,4.72
2023-05-09,4.74
2023-05-10,4.78
2023-05-11,4.81
2023-05-12,4.76
2023-05-15,4.77
2023-05-16,4.79
2023-05-17,4.75
2023-05-18,4.69
2023-05-19,4.62
2023-05-22,4.54
2023-05-23,4.60
2023-05-24,4.68
2023-05-25,4.58
2023-05-26,4.53
2023-05-29,4.54
2023-05-30,4.58
2023-05-31,4.69
2023-06-01,4.65
2023-06-02,4.37
2023-06-05,4.39
2023-06-06,4.39
2023-06-07,4.33
2023-06-08,4.39
2023-06-09,4.29
2023-06-12,4.34
2023-06-13,4.18
2023-06-14,4.18
2023-06-15,4.21
2023-06-16,4.15
2023-06-19,4.15
2023-06-20,4.22
2023-06-21,4.32
2023-06-22,4.30
2023-06-23,4.40
2023-06-26,4.45
2023-06-27,4.30
2023-06-28,4.27
2023-06-29,4.14
2023-06-30,4.05
2023-07-03,3.99
2023-07-04,3.99
2023-07-05,4.01
2023-07-06,4.10
2023-07-07,4.08
2023-07-10,4.13
2023-07-11,4.05
2023-07-12,3.95
2023-07-13,3.97
2023-07-14,3.90
2023-07-17,3.97
2023-07-18,3.90
2023-07-19,3.89
2023-07-20,3.90
2023-07-21,3.89
2023-07-24,3.82
2023-07-25,3.84
2023-07-26,3.91
2023-07-27,3.78
2023-07-28,3.82
2023-07-31,3.79
2023-08-01,3.82
2023-08-02,3.96
2023-08-03,3.98
2023-08-04,4.01
2023-08-07,3.97
2023-08-08,4.00
2023-08-09,3.94
2023-08-10,3.83
2023-08-11,3.83
2023-08-14,3.79
2023-08-15,3.85
2023-08-16,3.81
2023-08-17,3.95
2023-08-18,4.02
2023-08-21,3.97
2023-08-22,3.93
2023-08-23,3.92
2023-08-24,3.91
2023-08-25,3.90
2023-08-28,3.86
2023-08-29,3.87
2023-08-30,3.80
2023-08-31,3.85
2023-09-01,3.81
2023-09-04,3.81
2023-09-05,3.83
2023-09-06,3.86
2023-09-07,3.90
2023-09-08,3.85
2023-09-11,3.82
2023-09-12,3.84
2023-09-13,3.85
2023-09-14,3.78
2023-09-15,3.79
2023-09-18,3.82
2023-09-19,3.82
2023-09-20,3.77
2023-09-21,3.89
2023-09-22,3.93
2023-09-25,3.97
2023-09-26,4.04
2023-09-27,4.03
2023-09-28,4.09
2023-09-29,4.03
2023-09-30,4.03
2023-10-02,4.11
2023-10-03,4.26
2023-10-04,4.37
2023-10-05,4.38
2023-10-06,4.33
2023-10-09,4.34
2023-10-10,4.26
2023-10-11,4.25
2023-10-12,4.25
2023-10-13,4.30
2023-10-16,4.27
2023-10-17,4.25
2023-10-18,4.32
2023-10-19,4.37
2023-10-20,4.52
2023-10-23,4.51
2023-10-24,4.41
2023-10-25,4.37
2023-10-26,4.50
2023-10-27,4.53
2023-10-30,4.50
2023-10-31,4.42
2023-11-01,4.47
2023-11-02,4.15
2023-11-03,4.04
2023-11-06,4.00
2023-11-07,4.08
2023-11-08,4.08
2023-11-09,4.04
2023-11-10,4.03
2023-11-13,4.03
2023-11-14,3.92
2023-11-15,3.89
2023-11-16,4.02
2023-11-17,3.99
2023-11-20,3.92
2023-11-21,3.95
2023-11-22,3.90
2023-11-23,3.90
2023-11-24,3.85
2023-11-27,3.89
2023-11-28,3.90
2023-11-29,3.80
2023-11-30,3.84
2023-12-01,3.87
2023-12-04,3.80
2023-12-05,3.80
2023-12-06,3.79
2023-12-07,3.77
2023-12-08,3.75
2023-12-11,3.79
2023-12-12,3.76
2023-12-13,3.79
2023-12-14,3.47
2023-12-15,3.51
2023-12-18,3.51
2023-12-19,3.46
2023-12-20,3.43
2023-12-21,3.41
2023-12-22,3.39
2023-12-25,
2023-12-26,3.37
2023-12-27,3.34
2023-12-28,3.32
2023-12-29,3.34
2023-12-31,3.39
2024-01-01,
2024-01-02,3.54
2024-01-03,3.71
2024-01-04,3.69
2024-01-05,3.68
2024-01-08,3.63
2024-01-09,3.59
2024-01-10,3.50
2024-01-11,3.55
2024-01-12,3.56
2024-01-15,3.54
2024-01-16,3.58
2024-01-17,3.62
2024-01-18,3.58
2024-01-19,3.54
2024-01-22,3.49
2024-01-23,3.51
2024-01-24,3.44
2024-01-25,3.45
2024-01-26,3.39
2024-01-29,3.41
2024-01-30,3.42
2024-01-31,3.59
2024-02-01,3.56
2024-02-02,3.47
2024-02-05,3.50
2024-02-06,3.52
2024-02-07,3.43
2024-02-08,3.38
2024-02-09,3.33
2024-02-12,3.35
2024-02-13,3.36
2024-02-14,3.38
2024-02-15,3.35
2024-02-16,3.34
2024-02-19,3.34
2024-02-20,3.37
2024-02-21,3.34
2024-02-22,3.22
2024-02-23,3.23
2024-02-26,3.23
2024-02-27,3.26
2024-02-28,3.31
2024-02-29,3.29
2024-03-01,3.32
2024-03-04,3.26
2024-03-05,3.31
2024-03-06,3.27
2024-03-07,3.27
2024-03-08,3.26
2024-03-11,3.26
2024-03-12,3.20
2024-03-13,3.15
2024-03-14,3.15
2024-03-15,3.16
2024-03-18,3.13
2024-03-19,3.10
2024-03-20,3.14
2024-03-21,3.05
2024-03-22,3.08
2024-03-25,3.11
2024-03-26,3.15
2024-03-27,3.15
2024-03-28,3.12
2024-03-29,
2024-03-31,3.15
2024-04-01,3.12
2024-04-02,3.23
2024-04-03,3.23
2024-04-04,3.24
2024-04-05,3.18
2024-04-08,3.15
2024-04-09,3.14
2024-04-10,3.10
2024-04-11,3.16
2024-04-12,3.25
2024-04-15,3.28
2024-04-16,3.36
2024-04-17,3.42
2024-04-18,3.39
2024-04-19,3.37
2024-04-22,3.29
2024-04-23,3.20
2024-04-24,3.19
2024-04-25,3.24
2024-04-26,3.16
2024-04-29,3.12
2024-04-30,3.18
2024-05-01,3.21
2024-05-02,3.16
2024-05-03,3.08
2024-05-06,3.03
2024-05-07,3.06
2024-05-08,3.10
2024-05-09,3.14
2024-05-10,3.12
2024-05-13,3.14
2024-05-14,3.14
2024-05-15,3.13
2024-05-16,3.08
2024-05-17,3.09
2024-05-20,3.07
2024-05-21,3.07
2024-05-22,3.11
2024-05-23,3.10
2024-05-24,3.11
2024-05-27,3.12
2024-05-28,3.09
2024-05-29,3.15
2024-05-30,3.19
2024-05-31,3.20
2024-06-03,3.17
2024-06-04,3.22
2024-06-05,3.20
2024-06-06,3.20
2024-06-07,3.15
2024-06-10,3.15
2024-06-11,3.19
2024-06-12,3.09
2024-06-13,3.20
2024-06-14,3.29
2024-06-17,3.26
2024-06-18,3.24
2024-06-19,3.24
2024-06-20,3.23
2024-06-21,3.21
2024-06-24,3.19
2024-06-25,3.19
2024-06-26,3.18
2024-06-27,3.21
2024-06-28,3.18
2024-06-30,3.21
2024-07-01,3.21
2024-07-02,3.23
2024-07-03,3.25
2024-07-04,3.25
2024-07-05,3.27
2024-07-08,3.20
2024-07-09,3.21
2024-07-10,3.17
2024-07-11,3.18
2024-07-12,3.19
2024-07-15,3.13
2024-07-16,3.08
2024-07-17,3.09
2024-07-18,3.09
2024-07-19,3.09
2024-07-22,3.05
2024-07-23,3.02
2024-07-24,3.10
2024-07-25,3.08
2024-07-26,3.10
2024-07-29,3.13
2024-07-30,3.20
2024-07-31,3.25
2024-08-01,3.35
2024-08-02,3.72
2024-08-05,3.93
2024-08-06,3.67
2024-08-07,3.57
2024-08-08,3.48
2024-08-09,3.49
2024-08-12,3.52
2024-08-13,3.54
2024-08-14,3.46
2024-08-15,3.31
2024-08-16,3.29
2024-08-19,3.21
2024-08-20,3.25
2024-08-21,3.27
2024-08-22,3.21
2024-08-23,3.19
2024-08-26,3.15
2024-08-27,3.17
2024-08-28,3.19
2024-08-29,3.15
2024-08-30,3.13
2024-08-31,3.17
2024-09-02,3.17
2024-09-03,3.31
2024-09-04,3.35
2024-09-05,3.29
2024-09-06,3.39
2024-09-09,3.36
2024-09-10,3.46
2024-09-11,3.44
2024-09-12,3.39
2024-09-13,3.37
2024-09-16,3.32
2024-09-17,3.25
2024-09-18,3.21
2024-09-19,3.10
2024-09-20,3.15
2024-09-23,3.15
2024-09-24,3.21
2024-09-25,3.19
2024-09-26,3.14
2024-09-27,3.14
2024-09-30,3.03
2024-10-01,3.07
2024-10-02,3.06
2024-10-03,3.04
2024-10-04,2.89
2024-10-07,2.95
2024-10-08,2.99
2024-10-09,2.94
2024-10-10,2.99
2024-10-11,2.98
2024-10-14,2.97
2024-10-15,2.93
2024-10-16,2.90
2024-10-17,2.89
2024-10-18,2.88
2024-10-21,2.88
2024-10-22,2.92
2024-10-23,2.95
2024-10-24,2.93
2024-10-25,2.89
2024-10-28,2.82
2024-10-29,2.85
2024-10-30,2.80
2024-10-31,2.88
2024-11-01,2.83
2024-11-04,2.87
2024-11-05,2.86
2024-11-06,2.74
2024-11-07,2.73
2024-11-08,2.63
2024-11-11,2.63
2024-11-12,2.61
2024-11-13,2.64
2024-11-14,2.60
2024-11-15,2.72
2024-11-18,2.72
2024-11-19,2.69
2024-11-20,2.67
2024-11-21,2.61
2024-11-22,2.61
2024-11-25,2.64
2024-11-26,2.68
2024-11-27,2.69
2024-11-28,2.69
2024-11-29,2.72
2024-11-30,2.74
2024-12-02,2.68
2024-12-03,2.66
2024-12-04,2.66
2024-12-05,2.66
2024-12-06,2.67
2024-12-09,2.67
2024-12-10,2.67
2024-12-11,2.64
2024-12-12,2.66
2024-12-13,2.68
2024-12-16,2.69
2024-12-17,2.75
2024-12-18,2.73
2024-12-19,2.91
2024-12-20,2.86
2024-12-23,2.85
2024-12-24,2.86
2024-12-25,
2024-12-26,2.86
2024-12-27,2.84
2024-12-30,2.94
2024-12-31,2.92
2025-01-01,
2025-01-02,2.88
2025-01-03,2.81
2025-01-06,2.76
2025-01-07,2.79
2025-01-08,2.84
2025-01-09,2.82
2025-01-10,2.81
2025-01-13,2.85
2025-01-14,2.80
2025-01-15,2.72
2025-01-16,2.73
2025-01-17,2.64
2025-01-20,2.64
2025-01-21,2.61
2025-01-22,2.59
2025-01-23,2.61
2025-01-24,2.60
2025-01-27,2.66
2025-01-28,2.66
2025-01-29,2.68
2025-01-30,2.67
2025-01-31,2.68
2025-02-03,2.73
2025-02-04,2.71
2025-02-05,2.69
2025-02-06,2.66
2025-02-07,2.67
2025-02-10,2.66
2025-02-11,2.66
2025-02-12,2.65
2025-02-13,2.65
2025-02-14,2.62
2025-02-17,2.62
2025-02-18,2.62
2025-02-19,2.68
2025-02-20,2.66
2025-02-21,2.78
2025-02-24,2.78
2025-02-25,2.84
2025-02-26,2.81
2025-02-27,2.81
2025-02-28,2.87
2025-03-03,2.94
2025-03-04,2.99
2025-03-05,2.88
2025-03-06,2.99
2025-03-07,2.97
2025-03-10,3.16
2025-03-11,3.22
2025-03-12,3.20
2025-03-13,3.40
2025-03-14,3.25
2025-03-17,3.18
2025-03-18,3.23
2025-03-19,3.19
2025-03-20,3.17
2025-03-21,3.21
2025-03-24,3.05
2025-03-25,3.09
2025-03-26,3.19
2025-03-27,3.27
2025-03-28,3.47
2025-03-31,3.55
2025-04-01,3.50
2025-04-02,3.42
2025-04-03,4.01
2025-04-04,4.45
2025-04-07,4.61
2025-04-08,4.57
2025-04-09,4.37
2025-04-10,4.42
2025-04-11,4.26
2025-04-14,4.14
2025-04-15,4.09
2025-04-16,4.16
2025-04-17,4.02
2025-04-18,
2025-04-21,4.16
2025-04-22,3.99
2025-04-23,3.75
2025-04-24,3.73
2025-04-25,3.67
2025-04-28,3.73
2025-04-29,3.74
2025-04-30,3.94
2025-05-01,3.78
2025-05-02,3.60
2025-05-05,3.60
2025-05-06,3.66
2025-05-07,3.67
2025-05-08,3.51
2025-05-09,3.53
2025-05-12,3.15
2025-05-13,3.09
2025-05-14,3.10
2025-05-15,3.20
2025-05-16,3.16
2025-05-19,3.21
2025-05-20,3.20
2025-05-21,3.25
2025-05-22,3.32
2025-05-23,3.40
2025-05-26,3.40
2025-05-27,3.24
2025-05-28,3.23
2025-05-29,3.22
2025-05-30,3.31
2025-05-31,3.32
2025-06-02,3.27
2025-06-03,3.19
2025-06-04,3.23
2025-06-05,3.18
2025-06-06,3.09
2025-06-09,3.12
2025-06-10,3.12
2025-06-11,3.12
2025-06-12,3.17
2025-06-13,3.18
2025-06-16,3.10
2025-06-17,3.17
2025-06-18,3.16
2025-06-19,3.16
2025-06-20,3.13
2025-06-23,3.12
2025-06-24,3.06
2025-06-25,3.04
2025-06-26,3.04
2025-06-27,3.02
2025-06-30,2.96
2025-07-01,2.91
2025-07-02,2.88
2025-07-03,2.80
2025-07-04,2.80
2025-07-07,2.86
2025-07-08,2.92
2025-07-09,2.94
2025-07-10,2.92
2025-07-11,2.97
2025-07-14,2.95
2025-07-15,2.95
2025-07-16,3.00
2025-07-17,2.91
2025-07-18,2.93
2025-07-21,2.89
2025-07-22,2.90
2025-07-23,2.83
2025-07-24,2.82
2025-07-25,2.84
2025-07-28,2.82
2025-07-29,2.86
2025-07-30,2.89
2025-07-31,2.86
2025-08-01,3.13
2025-08-04,3.02
2025-08-05,2.98
2025-08-06,2.98
2025-08-07,2.95
2025-08-08,2.94
2025-08-11,2.94
2025-08-12,2.93
2025-08-13,2.90
2025-08-14,2.89
2025-08-15,2.88
2025-08-18,2.88
2025-08-19,2.90
2025-08-20,2.94
2025-08-21,2.95
2025-08-22,2.88
2025-08-25,2.80
2025-08-26,2.78
2025-08-27,2.78
2025-08-28,2.75
2025-08-29,2.82
2025-08-31,2.84
2025-09-01,2.84
2025-09-02,2.92
2025-09-03,2.88
2025-09-04,2.84
2025-09-05,2.83
2025-09-08,2.84
2025-09-09,2.87
2025-09-10,2.84
2025-09-11,2.78
2025-09-12,2.79
2025-09-15,2.75
2025-09-16,2.79
2025-09-17,2.79
2025-09-18,2.71
2025-09-19,2.72
2025-09-22,2.69
2025-09-23,2.71
2025-09-24,2.70
2025-09-25,2.76
2025-09-26,2.75
2025-09-29,2.74
2025-09-30,2.80
2025-10-01,2.81
2025-10-02,2.81
2025-10-03,2.80
2025-10-06,2.76
2025-10-07,2.82
2025-10-08,2.84
2025-10-09,2.95
2025-10-10,3.18
2025-10-13,3.18
2025-10-14,3.11
2025-10-15,2.95
2025-10-16,3.04
2025-10-17,3.04
2025-10-20,2.99
2025-10-21,2.97
2025-10-22,3.01
2025-10-23,2.96
2025-10-24,2.88
2025-10-27,2.80
2025-10-28,2.82
2025-10-29,2.76
2025-10-30,2.85
2025-10-31,2.94
2025-11-03,3.04
2025-11-04,3.13
2025-11-05,3.05
2025-11-06,3.13
2025-11-07,3.15
2025-11-10,3.02
2025-11-11,3.02
2025-11-12,3.02
2025-11-13,3.09
2025-11-14,3.07
2025-11-17,3.13
2025-11-18,3.20
2025-11-19,3.17
2025-11-20,3.17
2025-11-21,3.19
2025-11-24,3.15
2025-11-25,3.10
2025-11-26,3.00
2025-11-27,3.00
2025-11-28,2.95
2025-11-30,2.92
2025-12-01,2.94
2025-12-02,2.92
2025-12-03,2.89
2025-12-04,2.88
2025-12-05,2.85
2025-12-08,2.89
2025-12-09,2.89
2025-12-10,2.91
2025-12-11,2.88
2025-12-12,2.91
2025-12-15,2.91
2025-12-16,2.98
2025-12-17,2.99
2025-12-18,2.95
2025-12-19,2.90
2025-12-22,2.88
2025-12-23,2.83
2025-12-24,2.84
2025-12-25,
2025-12-26,2.86
2025-12-29,2.87
2025-12-30,2.84
2025-12-31,2.81
2026-01-01,
2026-01-02,2.83
2026-01-05,2.81
2026-01-06,2.79
2026-01-07,2.79
2026-01-08,2.76
2026-01-09,2.74
2026-01-12,2.74
2026-01-13,2.75
2026-01-14,2.76
2026-01-15,2.71
2026-01-16,2.65
2026-01-19,2.65
2026-01-20,2.73
2026-01-21,2.69
2026-01-22,2.64
2026-01-23,2.68
2026-01-26,2.69
2026-01-27,2.71
2026-01-28,2.72
2026-01-29,2.77
2026-01-30,2.80
2026-01-31,2.88
2026-02-02,2.81
2026-02-03,2.85
2026-02-04,2.86
2026-02-05,2.97
2026-02-06,2.87
2026-02-09,2.84
2026-02-10,2.86
2026-02-11,2.84
2026-02-12,2.92
2026-02-13,2.95
2026-02-16,2.94
2026-02-17,2.94
2026-02-18,2.86
2026-02-19,2.88
2026-02-20,2.86
2026-02-23,2.95
2026-02-24,2.97
2026-02-25,2.94
2026-02-26,2.98
2026-02-27,3.10
2026-02-28,3.12
2026-03-02,3.03
2026-03-03,3.08
2026-03-04,2.97
2026-03-05,3.00
2026-03-06,3.13
2026-03-09,3.19
2026-03-10,3.06
2026-03-11,3.09
2026-03-12,3.17
2026-03-13,3.28
2026-03-16,3.27
2026-03-17,3.22
2026-03-18,3.20
2026-03-19,3.27
2026-03-20,3.24
2026-03-23,3.19
2026-03-24,3.19
2026-03-25,3.17
2026-03-26,3.21
2026-03-27,3.42
2026-03-30,3.46
